chain_id,resseq,icode,resname,atom_name,x,y,z,res_label,deg_6A,deg_10A,z_6A,z_10A,degree_7A,eccentricity,component_id,component_radius,component_diameter,sph_var_6A,sph_var_10A,burial_label,burial_reason,dssp_acc,dssp_rsa_rel_to_max,dssp_label,agree_with_dssp,stride_acc,stride_rsa_rel_to_max,stride_label,agree_with_stride
A,1,,ALA,CA,13.348999977111816,19.732999801635742,45.382999420166016,A:1 ALA,1,2,-2.698832753739344,-2.838725920562344,1,14,0,8,14,,,exterior,low Z,1.0,1.0,exterior,1.0,150.6,0.8996415770609318,exterior,1.0
A,2,,ASP,CA,15.20300006866455,19.163999557495117,42.06100082397461,A:2 ASP,2,7,-2.1295349023426557,-2.035793173223631,2,13,0,8,14,,0.4649274602148966,exterior,low Z,0.9079754601226994,0.9079754601226994,exterior,1.0,147.9,0.8835125448028673,exterior,1.0
A,3,,LEU,CA,18.33300018310547,17.15399932861328,41.172000885009766,A:3 LEU,2,14,-2.1295349023426557,-0.9116873269494324,4,12,0,8,14,,0.5994596477766669,intermediate,mixed signals,0.31097560975609756,0.31097560975609756,interior,0.0,49.7,0.2968936678614098,interior,0.0
A,4,,PRO,CA,21.92799949645996,18.066999435424805,40.40999984741211,A:4 PRO,3,12,-1.5602370509459675,-1.2328604258849176,6,12,0,8,14,0.5548167165869796,0.41942199156698545,exterior,low Z,0.4632352941176471,0.4632352941176471,interior,0.0,63.3,0.37813620071684584,interior,0.0
A,5,,ALA,CA,22.979000091552734,17.650999069213867,36.784000396728516,A:5 ALA,3,13,-1.5602370509459675,-1.072273876417175,5,12,0,8,14,0.35258161197402815,0.43152909720046817,exterior,low Z,0.6698113207547169,0.6698113207547169,exterior,1.0,71.8,0.4289127837514934,interior,0.0
A,6,,PRO,CA,23.93400001525879,14.128999710083008,35.6510009765625,A:6 PRO,6,21,0.14765650324409765,0.21241851932476594,9,12,0,8,14,0.4692070653050253,0.6498427362289669,interior,"high Z, high homog",0.11764705882352941,0.11764705882352941,interior,1.0,14.8,0.0884109916367981,interior,1.0
A,7,,ASP,CA,27.716999053955078,13.609000205993652,35.45199966430664,A:7 ASP,8,18,1.2862522060374744,-0.2693411290784619,10,12,0,8,14,0.6928846425990931,0.6332423736874451,interior,"high Z, high homog",0.0736196319018405,0.0736196319018405,interior,1.0,11.8,0.07048984468339307,interior,1.0
A,8,,ASP,CA,28.572999954223633,12.27400016784668,31.993999481201172,A:8 ASP,4,18,-0.9909391995492791,-0.2693411290784619,6,13,0,8,14,0.29748930216469205,0.5604352607745613,intermediate,mixed signals,0.3803680981595092,0.3803680981595092,interior,0.0,62.4,0.37275985663082434,interior,0.0
A,9,,THR,CA,32.31999969482422,12.064000129699707,32.69599914550781,A:9 THR,5,12,-0.42164134815259074,-1.2328604258849176,6,13,0,8,14,0.3116930842309412,0.3761952612795697,intermediate,mixed signals,0.7112676056338029,0.7112676056338029,exterior,0.0,100.9,0.6027479091995221,exterior,0.0
A,10,,GLY,CA,31.507999420166016,10.017999649047852,35.85200119018555,A:10 GLY,7,18,0.716954354640786,-0.2693411290784619,8,12,0,8,14,0.5061447444584333,0.6381197969243977,interior,"high Z, high homog",0.16666666666666666,0.16666666666666666,interior,1.0,13.9,0.08303464755077658,interior,1.0
A,11,,LEU,CA,29.225000381469727,7.7270002365112305,33.76599884033203,A:11 LEU,8,27,1.2862522060374744,1.1759378161312217,10,12,0,8,14,0.6671404517140481,0.8278542430317244,interior,"high Z, high homog",0.0,0.0,interior,1.0,0.2,0.0011947431302270011,interior,1.0
A,12,,GLN,CA,32.0,7.295000076293945,31.134000778198242,A:12 GLN,6,19,0.14765650324409765,-0.1087545796107193,9,12,0,8,14,0.41500502355159197,0.6165686837473312,intermediate,mixed signals,0.5959595959595959,0.5959595959595959,exterior,0.0,119.5,0.7138590203106332,exterior,0.0
A,13,,ALA,CA,34.43299865722656,6.25,33.89899826049805,A:13 ALA,6,15,0.14765650324409765,-0.7511007774816898,8,12,0,8,14,0.4254198845710475,0.4987525469784564,intermediate,mixed signals,0.46226415094339623,0.46226415094339623,interior,0.0,48.3,0.28853046594982074,interior,0.0
A,14,,VAL,CA,31.979999542236328,3.734999895095825,35.301998138427734,A:14 VAL,6,22,0.14765650324409765,0.37300506879250855,12,12,0,8,14,0.4138746503963515,0.7603249933699674,interior,"high Z, high homog",0.007042253521126761,0.007042253521126761,interior,1.0,2.0,0.01194743130227001,interior,1.0
A,15,,LEU,CA,31.496000289916992,2.063999891281128,31.913000106811523,A:15 LEU,7,28,0.716954354640786,1.3365243655989643,11,11,0,8,14,0.6117596413208524,0.809703890756751,interior,"high Z, high homog",0.018292682926829267,0.018292682926829267,interior,1.0,2.0,0.01194743130227001,interior,1.0
A,16,,HIS,CA,35.26300048828125,2.002000093460083,31.31399917602539,A:16 HIS,6,19,0.14765650324409765,-0.1087545796107193,9,12,0,8,14,0.4118318779140251,0.5488226770398636,intermediate,mixed signals,0.5380434782608695,0.5380434782608695,exterior,0.0,108.7,0.6493428912783752,exterior,0.0
A,17,,THR,CA,35.84299850463867,0.4339999854564667,34.683998107910156,A:17 THR,6,17,0.14765650324409765,-0.42992767854620456,8,12,0,8,14,0.4344611261878145,0.5211493116529721,intermediate,mixed signals,0.29577464788732394,0.29577464788732394,interior,0.0,41.5,0.24790919952210275,interior,0.0
A,18,,ALA,CA,33.19900131225586,-2.23799991607666,34.05799865722656,A:18 ALA,8,25,1.2862522060374744,0.8547647171957364,12,12,0,8,14,0.6605350860380946,0.7932978671835881,interior,"high Z, high homog",0.0,0.0,interior,1.0,0.0,0.0,interior,1.0
A,19,,LEU,CA,34.999000549316406,-3.2039999961853027,30.81100082397461,A:19 LEU,8,21,1.2862522060374744,0.21241851932476594,10,12,0,8,14,0.6396432568337335,0.6319646457174086,interior,"high Z, high homog",0.25609756097560976,0.25609756097560976,interior,1.0,42.6,0.25448028673835127,interior,1.0
A,20,,SER,CA,38.3129997253418,-3.4860000610351562,32.69300079345703,A:20 SER,5,12,-0.42164134815259074,-1.2328604258849176,6,13,0,8,14,0.31789735498717575,0.32035051009311466,intermediate,mixed signals,0.7769230769230769,0.7769230769230769,exterior,0.0,93.8,0.5603345280764636,exterior,0.0
A,21,,GLN,CA,36.52899932861328,-5.836999893188477,35.14500045776367,A:21 GLN,5,15,-0.42164134815259074,-0.7511007774816898,8,12,0,8,14,0.4130153939573038,0.46942155712609734,intermediate,mixed signals,0.30303030303030304,0.30303030303030304,interior,0.0,59.8,0.3572281959378733,interior,0.0
A,22,,GLY,CA,35.24599838256836,-8.246999740600586,32.51499938964844,A:22 GLY,4,18,-0.9909391995492791,-0.2693411290784619,7,12,0,8,14,0.30126633957706694,0.5294838839049432,intermediate,mixed signals,0.39285714285714285,0.39285714285714285,interior,0.0,32.8,0.19593787335722818,interior,0.0
A,23,,ALA,CA,32.112998962402344,-6.828999996185303,30.881999969482422,A:23 ALA,6,30,0.14765650324409765,1.6576974645344495,11,11,0,8,14,0.7723349978062167,0.7594330384477357,interior,"high Z, high homog",0.03773584905660377,0.03773584905660377,interior,1.0,3.3,0.01971326164874552,interior,1.0
A,24,,PRO,CA,32.4010009765625,-7.129000186920166,27.101999282836914,A:24 PRO,5,25,-0.42164134815259074,0.8547647171957364,8,11,0,8,14,0.42835726885700265,0.7071902579494949,interior,"high Z, high homog",0.1323529411764706,0.1323529411764706,interior,1.0,17.9,0.1069295101553166,interior,1.0
A,25,,GLY,CA,30.159000396728516,-4.066999912261963,26.795000076293945,A:25 GLY,8,27,1.2862522060374744,1.1759378161312217,12,11,0,8,14,0.900306861171339,0.8860936026221213,interior,"high Z, high homog",0.0,0.0,interior,1.0,0.0,0.0,interior,1.0
A,26,,ALA,CA,28.31100082397461,-1.5839999914169312,28.975000381469727,A:26 ALA,7,33,0.716954354640786,2.1394571129376776,10,10,0,8,14,0.8084756048789652,0.9518084744896572,interior,"high Z, high homog",0.0,0.0,interior,1.0,0.0,0.0,interior,1.0
A,27,,MET,CA,25.95599937438965,1.315000057220459,28.288999557495117,A:27 MET,7,30,0.716954354640786,1.6576974645344495,12,10,0,8,14,0.8294449489119063,0.9157316482831237,interior,"high Z, high homog",0.0,0.0,interior,1.0,0.0,0.0,interior,1.0
A,28,,VAL,CA,23.66900062561035,3.760999917984009,30.020000457763672,A:28 VAL,6,29,0.14765650324409765,1.497110915066707,10,10,0,8,14,0.7999203204973577,0.8816143761499555,interior,"high Z, high homog",0.0,0.0,interior,1.0,0.7,0.004181600955794504,interior,1.0
A,29,,ARG,CA,20.850000381469727,6.072999954223633,28.9950008392334,A:29 ARG,6,27,0.14765650324409765,1.1759378161312217,11,10,0,8,14,0.6867273817149846,0.8377534047200045,interior,"high Z, high homog",0.12096774193548387,0.12096774193548387,interior,1.0,30.3,0.18100358422939067,interior,1.0
A,30,,VAL,CA,19.531999588012695,8.901000022888184,31.209999084472656,A:30 VAL,7,28,0.716954354640786,1.3365243655989643,11,10,0,8,14,0.7205753894528812,0.8501841597322167,interior,"high Z, high homog",0.007042253521126761,0.007042253521126761,interior,1.0,0.4,0.0023894862604540022,interior,1.0
A,31,,ASP,CA,16.19499969482422,10.579000473022461,30.393999099731445,A:31 ASP,5,22,-0.42164134815259074,0.37300506879250855,12,10,0,8,14,0.5748984446222056,0.771064806080416,interior,"high Z, high homog",0.2392638036809816,0.2392638036809816,interior,1.0,29.0,0.17323775388291518,interior,1.0
A,32,,ASP,CA,16.5939998626709,13.855999946594238,32.36000061035156,A:32 ASP,6,21,0.14765650324409765,0.21241851932476594,9,10,0,8,14,0.5947829389384492,0.6552409634974289,interior,"high Z, high homog",0.2147239263803681,0.2147239263803681,interior,1.0,35.3,0.21087216248506568,interior,1.0
A,33,,ASN,CA,13.230999946594238,15.583999633789062,31.985000610351562,A:33 ASN,5,11,-0.42164134815259074,-1.3934469753526604,6,10,0,8,14,0.565052409983789,0.40772554100720493,intermediate,mixed signals,0.7261146496815286,0.7261146496815286,exterior,0.0,116.4,0.6953405017921147,exterior,0.0
A,34,,GLY,CA,13.413000106811523,15.61400032043457,28.2189998626709,A:34 GLY,3,9,-1.5602370509459675,-1.7146200742881454,5,11,0,8,14,0.25386323167464286,0.25742830053618004,exterior,low Z,0.75,0.75,exterior,1.0,72.4,0.4324970131421744,interior,0.0
A,35,,THR,CA,17.23900032043457,15.934000015258789,27.740999221801758,A:35 THR,4,8,-0.9909391995492791,-1.8752066237558882,6,11,0,8,14,0.37884460660825015,0.31970110143693975,exterior,low Z,0.6267605633802817,0.6267605633802817,exterior,1.0,90.2,0.5388291517323776,exterior,1.0
A,36,,ILE,CA,18.924999237060547,12.638999938964844,26.871000289916992,A:36 ILE,4,13,-0.9909391995492791,-1.072273876417175,7,11,0,8,14,0.48454885638217393,0.42863318072531775,intermediate,mixed signals,0.378698224852071,0.378698224852071,interior,0.0,65.1,0.38888888888888884,interior,0.0
A,37,,HIS,CA,22.39299964904785,11.432999610900879,28.01099967956543,A:37 HIS,4,16,-0.9909391995492791,-0.5905142280139472,7,11,0,8,14,0.391645530553125,0.5937291564429266,intermediate,mixed signals,0.16304347826086957,0.16304347826086957,interior,0.0,30.2,0.18040621266427717,interior,0.0
A,38,,GLN,CA,23.625999450683594,8.260000228881836,26.270000457763672,A:38 GLN,4,19,-0.9909391995492791,-0.1087545796107193,8,11,0,8,14,0.5051182284950928,0.5449418914394084,intermediate,mixed signals,0.5606060606060606,0.5606060606060606,exterior,0.0,109.5,0.6541218637992832,exterior,0.0
A,39,,LEU,CA,26.965999603271484,6.535999774932861,26.507999420166016,A:39 LEU,4,18,-0.9909391995492791,-0.2693411290784619,8,11,0,8,14,0.40139137995626284,0.6263678827604344,intermediate,mixed signals,0.17682926829268292,0.17682926829268292,interior,0.0,29.6,0.1768219832735962,interior,0.0
A,40,,SER,CA,28.222999572753906,3.0840001106262207,25.601999282836914,A:40 SER,5,22,-0.42164134815259074,0.37300506879250855,10,11,0,8,14,0.692622783900035,0.6616986028790675,interior,"high Z, high homog",0.4153846153846154,0.4153846153846154,interior,1.0,54.4,0.3249701314217443,interior,1.0
A,41,,GLU,CA,31.57699966430664,1.315000057220459,25.426000595092773,A:41 GLU,4,21,-0.9909391995492791,0.21241851932476594,9,11,0,8,14,0.3879447514591511,0.540878458912333,intermediate,mixed signals,0.31958762886597936,0.31958762886597936,interior,0.0,62.0,0.37037037037037035,interior,0.0
A,42,,GLY,CA,32.64500045776367,-2.1050000190734863,24.246000289916992,A:42 GLY,6,22,0.14765650324409765,0.37300506879250855,8,11,0,8,14,0.49496157765037074,0.5734381502120014,interior,high Z,0.2976190476190476,0.2976190476190476,interior,1.0,24.9,0.14874551971326164,interior,1.0
A,43,,VAL,CA,31.033000946044922,-4.855999946594238,22.283000946044922,A:43 VAL,10,22,2.424847908830851,0.37300506879250855,11,12,0,8,14,0.8019715214553301,0.754701174788962,interior,"high Z, high homog",0.28169014084507044,0.28169014084507044,interior,1.0,39.3,0.2347670250896057,interior,1.0
A,44,,ALA,CA,27.569000244140625,-6.296999931335449,21.815000534057617,A:44 ALA,7,25,0.716954354640786,0.8547647171957364,9,11,0,8,14,0.7986385213335709,0.8676964492113368,interior,"high Z, high homog",0.0,0.0,interior,1.0,0.0,0.0,interior,1.0
A,45,,ASP,CA,29.003999710083008,-9.49899959564209,20.22599983215332,A:45 ASP,8,20,1.2862522060374744,0.051831969857023326,9,11,0,8,14,0.63368856493884,0.6579728729850616,interior,"high Z, high homog",0.15337423312883436,0.15337423312883436,interior,1.0,24.5,0.14635603345280765,interior,1.0
A,46,,ARG,CA,32.569000244140625,-10.258999824523926,21.363000869750977,A:46 ARG,5,18,-0.42164134815259074,-0.2693411290784619,7,12,0,8,14,0.38467615579808356,0.5285762329592094,intermediate,mixed signals,0.5645161290322581,0.5645161290322581,exterior,0.0,138.8,0.8291517323775389,exterior,0.0
A,47,,ALA,CA,33.0629997253418,-12.652999877929688,18.47599983215332,A:47 ALA,4,9,-0.9909391995492791,-1.7146200742881454,4,12,0,8,14,0.2584749363822384,0.2783409654153024,exterior,low Z,0.8301886792452831,0.8301886792452831,exterior,1.0,90.0,0.5376344086021505,exterior,1.0
A,48,,THR,CA,32.01300048828125,-10.52299976348877,15.46399974822998,A:48 THR,5,8,-0.42164134815259074,-1.8752066237558882,5,12,0,8,14,0.27920906131148604,0.21259527019296076,exterior,low Z,0.7464788732394366,0.7464788732394366,exterior,1.0,107.0,0.6391875746714456,exterior,1.0
A,49,,GLY,CA,33.22700119018555,-7.363999843597412,17.297000885009766,A:49 GLY,6,11,0.14765650324409765,-1.3934469753526604,7,12,0,8,14,0.4139557670464181,0.3870861617816638,intermediate,mixed signals,0.5476190476190477,0.5476190476190477,exterior,0.0,46.1,0.2753882915173238,interior,0.0
A,50,,ARG,CA,29.96500015258789,-5.301000118255615,16.78499984741211,A:50 ARG,6,12,0.14765650324409765,-1.2328604258849176,7,12,0,8,14,0.42177754409544765,0.4239264308298475,intermediate,mixed signals,0.34274193548387094,0.34274193548387094,interior,0.0,84.6,0.5053763440860215,exterior,0.0
A,51,,ALA,CA,29.969999313354492,-2.3299999237060547,19.17300033569336,A:51 ALA,5,17,-0.42164134815259074,-0.42992767854620456,7,12,0,8,14,0.393685527303945,0.460660604467636,intermediate,mixed signals,0.5849056603773585,0.5849056603773585,exterior,0.0,61.0,0.3643966547192353,interior,0.0
A,52,,ILE,CA,27.229000091552734,-2.1440000534057617,21.795000076293945,A:52 ILE,5,26,-0.42164134815259074,1.015351266663479,11,11,0,8,14,0.5802983846326634,0.740044250066557,interior,"high Z, high homog",0.01775147928994083,0.01775147928994083,interior,1.0,2.9,0.017323775388291517,interior,1.0
A,53,,THR,CA,24.906999588012695,0.875,21.56399917602539,A:53 THR,5,23,-0.42164134815259074,0.5335916182602511,7,11,0,8,14,0.6130527114602555,0.6233379144214356,interior,"high Z, high homog",0.36619718309859156,0.36619718309859156,interior,1.0,51.9,0.3100358422939068,interior,1.0
A,54,,THR,CA,22.16200065612793,2.309999942779541,23.749000549316406,A:54 THR,4,21,-0.9909391995492791,0.21241851932476594,10,11,0,8,14,0.5102411967785712,0.6469970738930688,interior,"high Z, high homog",0.06338028169014084,0.06338028169014084,interior,1.0,7.6,0.04540023894862604,interior,1.0
A,55,,THR,CA,19.534000396728516,1.1369999647140503,21.240999221801758,A:55 THR,3,19,-1.5602370509459675,-0.1087545796107193,6,11,0,8,14,0.267280009062416,0.530331742945831,exterior,low Z,0.6830985915492958,0.6830985915492958,exterior,1.0,95.3,0.569295101553166,exterior,1.0
A,56,,ASP,CA,20.433000564575195,-2.562000036239624,21.55500030517578,A:56 ASP,7,19,0.716954354640786,-0.1087545796107193,10,10,0,8,14,0.8984697104921683,0.8156560418304244,interior,"high Z, high homog",0.024539877300613498,0.024539877300613498,interior,1.0,4.2,0.025089605734767026,interior,1.0
A,57,,ARG,CA,17.70599937438965,-4.796000003814697,23.011999130249023,A:57 ARG,5,24,-0.42164134815259074,0.6941781677279938,10,10,0,8,14,0.773439142583165,0.9168002277477548,interior,"high Z, high homog",0.1774193548387097,0.1774193548387097,interior,1.0,45.3,0.27060931899641577,interior,1.0
A,58,,PHE,CA,18.599000930786133,-7.038000106811523,25.93899917602539,A:58 PHE,6,30,0.14765650324409765,1.6576974645344495,9,9,0,8,14,0.6917978230749412,0.9470345311582726,interior,"high Z, high homog",0.0,0.0,interior,1.0,0.0,0.0,interior,1.0
A,59,,ARG,CA,17.23200035095215,-9.383000373840332,28.611000061035156,A:59 ARG,4,34,-0.9909391995492791,2.30004366240542,8,9,0,8,14,0.567867870480433,0.8937768457357491,interior,"high Z, high homog",0.024193548387096774,0.024193548387096774,interior,1.0,6.6,0.03942652329749104,interior,1.0
A,60,,VAL,CA,16.166000366210938,-7.313000202178955,31.642000198364258,A:60 VAL,7,28,0.716954354640786,1.3365243655989643,11,9,0,8,14,0.7763720936579844,0.8783633752621233,interior,"high Z, high homog",0.0,0.0,interior,1.0,0.2,0.0011947431302270011,interior,1.0
A,61,,GLY,CA,16.072999954223633,-10.321000099182129,34.01300048828125,A:61 GLY,9,27,1.8555500574341628,1.1759378161312217,11,9,0,8,14,0.8762613695968631,0.895810580571872,interior,"high Z, high homog",0.0,0.0,interior,1.0,0.4,0.0023894862604540022,interior,1.0
A,62,,SER,CA,14.517999649047852,-9.503000259399414,37.4010009765625,A:62 SER,8,26,1.2862522060374744,1.015351266663479,10,9,0,8,14,0.6832626620789304,0.7446094113690621,interior,"high Z, high homog",0.06153846153846154,0.06153846153846154,interior,1.0,15.4,0.09199522102747909,interior,1.0
A,63,,VAL,CA,13.244999885559082,-6.043000221252441,36.25400161743164,A:63 VAL,9,29,1.8555500574341628,1.497110915066707,10,9,0,8,14,0.7362287282430477,0.866032041982523,interior,"high Z, high homog",0.0,0.0,interior,1.0,0.0,0.0,interior,1.0
A,64,,THR,CA,10.383999824523926,-8.229999542236328,34.952999114990234,A:64 THR,8,25,1.2862522060374744,0.8547647171957364,13,10,0,8,14,0.7452273444978492,0.8145333016712601,interior,"high Z, high homog",0.0,0.0,interior,1.0,0.0,0.0,interior,1.0
A,65,,LYS,CA,9.121000289916992,-8.387999534606934,38.573001861572266,A:65 LYS,8,30,1.2862522060374744,1.6576974645344495,12,10,0,8,14,0.7034435782859901,0.8316497242173579,interior,"high Z, high homog",0.0,0.0,interior,1.0,0.0,0.0,interior,1.0
A,66,,SER,CA,8.038000106811523,-4.716000080108643,38.33300018310547,A:66 SER,8,26,1.2862522060374744,1.015351266663479,9,9,0,8,14,0.6414187093189616,0.8466307612571569,interior,"high Z, high homog",0.0,0.0,interior,1.0,0.0,0.0,interior,1.0
A,67,,PHE,CA,6.068999767303467,-5.535999774932861,35.17499923706055,A:67 PHE,6,24,0.14765650324409765,0.6941781677279938,7,10,0,8,14,0.40802622207051187,0.884864215290405,interior,"high Z, high homog",0.0,0.0,interior,1.0,0.0,0.0,interior,1.0
A,68,,SER,CA,4.339000225067139,-8.447999954223633,36.9739990234375,A:68 SER,6,24,0.14765650324409765,0.6941781677279938,10,10,0,8,14,0.40984974615437386,0.8569006707261586,interior,"high Z, high homog",0.0,0.0,interior,1.0,0.0,0.0,interior,1.0
A,69,,ALA,CA,3.625999927520752,-6.230000019073486,40.02000045776367,A:69 ALA,7,24,0.716954354640786,0.6941781677279938,10,10,0,8,14,0.600186045225334,0.8432121485919748,interior,"high Z, high homog",0.0,0.0,interior,1.0,0.0,0.0,interior,1.0
A,70,,VAL,CA,1.9919999837875366,-3.5510001182556152,37.819000244140625,A:70 VAL,6,23,0.14765650324409765,0.5335916182602511,8,10,0,8,14,0.42154185100861674,0.8735815755577969,interior,"high Z, high homog",0.0,0.0,interior,1.0,0.0,0.0,interior,1.0
A,71,,VAL,CA,-0.38199999928474426,-6.0960001945495605,36.2869987487793,A:71 VAL,6,22,0.14765650324409765,0.37300506879250855,9,11,0,8,14,0.3983920204092568,0.9415324998522024,interior,"high Z, high homog",0.0,0.0,interior,1.0,0.0,0.0,interior,1.0
A,72,,LEU,CA,-1.3509999513626099,-7.428999900817871,39.770999908447266,A:72 LEU,6,27,0.14765650324409765,1.1759378161312217,9,11,0,8,14,0.4157002734410147,0.9212509700418438,interior,"high Z, high homog",0.006097560975609756,0.006097560975609756,interior,1.0,0.8,0.0047789725209080045,interior,1.0
A,73,,LEU,CA,-1.850000023841858,-3.8929998874664307,41.15700149536133,A:73 LEU,6,24,0.14765650324409765,0.6941781677279938,10,11,0,8,14,0.427652890990017,0.857305918995082,interior,"high Z, high homog",0.0,0.0,interior,1.0,0.0,0.0,interior,1.0
A,74,,GLN,CA,-4.146999835968018,-3.056999921798706,38.20500183105469,A:74 GLN,7,18,0.716954354640786,-0.2693411290784619,9,11,0,8,14,0.5942402945571723,0.7409689684210339,interior,"high Z, high homog",0.13636363636363635,0.13636363636363635,interior,1.0,27.6,0.16487455197132617,interior,1.0
A,75,,LEU,CA,-6.116000175476074,-6.242000102996826,39.07699966430664,A:75 LEU,8,18,1.2862522060374744,-0.2693411290784619,10,12,0,8,14,0.5836992898344731,0.7527233362091054,interior,"high Z, high homog",0.0,0.0,interior,1.0,0.0,0.0,interior,1.0
A,76,,VAL,CA,-6.4629998207092285,-4.771999835968018,42.62099838256836,A:76 VAL,9,16,1.8555500574341628,-0.5905142280139472,10,12,0,8,14,0.6509522723858681,0.726451300457676,interior,"high Z, high homog",0.176056338028169,0.176056338028169,interior,1.0,25.5,0.15232974910394265,interior,1.0
A,77,,ASP,CA,-7.736000061035156,-1.5119999647140503,41.05500030517578,A:77 ASP,5,16,-0.42164134815259074,-0.5905142280139472,7,12,0,8,14,0.3228977576062215,0.5855838866509944,intermediate,mixed signals,0.38650306748466257,0.38650306748466257,interior,0.0,61.0,0.3643966547192353,interior,0.0
A,78,,GLU,CA,-10.345000267028809,-3.5360000133514404,39.090999603271484,A:78 GLU,5,10,-0.42164134815259074,-1.554033524820403,6,12,0,8,14,0.30779001667770844,0.2979896314942675,exterior,low Z,0.4793814432989691,0.4793814432989691,interior,0.0,90.7,0.5418160095579451,exterior,1.0
A,79,,GLY,CA,-11.527999877929688,-5.4079999923706055,42.220001220703125,A:79 GLY,5,9,-0.42164134815259074,-1.7146200742881454,6,13,0,8,14,0.36798079108192916,0.28609918162279346,exterior,low Z,0.8095238095238095,0.8095238095238095,exterior,1.0,67.5,0.4032258064516129,interior,0.0
A,80,,LYS,CA,-10.3149995803833,-8.807999610900879,41.095001220703125,A:80 LYS,5,12,-0.42164134815259074,-1.2328604258849176,5,13,0,8,14,0.3050506291969357,0.4116153955134998,intermediate,mixed signals,0.5024390243902439,0.5024390243902439,exterior,0.0,105.1,0.6278375149342891,exterior,0.0
A,81,,LEU,CA,-7.590000152587891,-9.248000144958496,43.707000732421875,A:81 LEU,5,18,-0.42164134815259074,-0.2693411290784619,6,12,0,8,14,0.4385124438522491,0.7166745570090023,interior,"high Z, high homog",0.04878048780487805,0.04878048780487805,interior,1.0,8.6,0.051373954599761046,interior,1.0
A,82,,ASP,CA,-7.164000034332275,-8.380999565124512,47.347999572753906,A:82 ASP,5,17,-0.42164134815259074,-0.42992767854620456,5,12,0,8,14,0.6599015053674568,0.6030186696676196,interior,"high Z, high homog",0.5460122699386503,0.5460122699386503,exterior,0.0,89.7,0.53584229390681,exterior,0.0
A,83,,LEU,CA,-3.5290000438690186,-7.973999977111816,48.49100112915039,A:83 LEU,5,18,-0.42164134815259074,-0.2693411290784619,7,11,0,8,14,0.4964893777680145,0.7131199789277058,interior,"high Z, high homog",0.024390243902439025,0.024390243902439025,interior,1.0,4.3,0.025686977299880523,interior,1.0
A,84,,ASP,CA,-4.336999893188477,-9.33899974822998,51.9739990234375,A:84 ASP,5,12,-0.42164134815259074,-1.2328604258849176,7,11,0,8,14,0.43347473340879616,0.3866666461203946,intermediate,mixed signals,0.558282208588957,0.558282208588957,exterior,0.0,92.2,0.5507765830346476,exterior,0.0
A,85,,ALA,CA,-6.206999778747559,-12.41100025177002,50.84199905395508,A:85 ALA,5,15,-0.42164134815259074,-0.7511007774816898,8,12,0,8,14,0.47380860088372334,0.5170423756967568,intermediate,mixed signals,0.20754716981132076,0.20754716981132076,interior,0.0,22.9,0.13679808841099161,interior,0.0
A,86,,SER,CA,-4.383999824523926,-15.753999710083008,51.013999938964844,A:86 SER,8,20,1.2862522060374744,0.051831969857023326,10,12,0,8,14,0.7007137371398762,0.6903646947971784,interior,"high Z, high homog",0.23076923076923078,0.23076923076923078,interior,1.0,16.8,0.1003584229390681,interior,1.0
A,87,,VAL,CA,-2.6429998874664307,-17.011999130249023,47.84600067138672,A:87 VAL,6,25,0.14765650324409765,0.8547647171957364,9,12,0,8,14,0.6086025358100966,0.8801768944131336,interior,"high Z, high homog",0.0,0.0,interior,1.0,0.0,0.0,interior,1.0
A,88,,ASN,CA,-4.513999938964844,-20.30299949645996,48.44900131225586,A:88 ASN,9,17,1.8555500574341628,-0.42992767854620456,10,13,0,8,14,0.8166944154412529,0.7385233855908768,interior,"high Z, high homog",0.09554140127388536,0.09554140127388536,interior,1.0,15.2,0.09080047789725208,interior,1.0
A,89,,THR,CA,-7.823999881744385,-18.400999069213867,48.15999984741211,A:89 THR,6,14,0.14765650324409765,-0.9116873269494324,7,13,0,8,14,0.3576925462568764,0.392308212360698,intermediate,mixed signals,0.6549295774647887,0.6549295774647887,exterior,0.0,97.3,0.581242532855436,exterior,0.0
A,90,,TYR,CA,-7.085999965667725,-17.91699981689453,44.444000244140625,A:90 TYR,4,16,-0.9909391995492791,-0.5905142280139472,5,13,0,8,14,0.257563637050534,0.6387450921175499,intermediate,mixed signals,0.19369369369369369,0.19369369369369369,interior,0.0,43.1,0.2574671445639188,interior,0.0
A,91,,LEU,CA,-4.943999767303467,-20.979999542236328,43.79499816894531,A:91 LEU,5,14,-0.42164134815259074,-0.9116873269494324,7,13,0,8,14,0.41107566021427855,0.6865810106589896,intermediate,mixed signals,0.08536585365853659,0.08536585365853659,interior,0.0,16.5,0.0985663082437276,interior,0.0
A,92,,PRO,CA,-6.443999767303467,-23.714000701904297,45.9900016784668,A:92 PRO,5,10,-0.42164134815259074,-1.554033524820403,6,14,0,8,14,0.4319069840333144,0.33491765753837444,exterior,low Z,0.8088235294117647,0.8088235294117647,exterior,1.0,106.4,0.6356033452807647,exterior,1.0
A,93,,GLY,CA,-3.940000057220459,-26.117000579833984,47.5369987487793,A:93 GLY,4,11,-0.9909391995492791,-1.3934469753526604,5,14,0,8,14,0.3257299721558894,0.3237885530959478,intermediate,mixed signals,0.8928571428571429,0.8928571428571429,exterior,0.0,73.4,0.43847072879330945,interior,0.0
A,94,,LEU,CA,-0.8799999952316284,-24.400999069213867,46.0359992980957,A:94 LEU,5,16,-0.42164134815259074,-0.5905142280139472,6,14,0,8,14,0.3754345983539833,0.7024139946421104,intermediate,mixed signals,0.08536585365853659,0.08536585365853659,interior,0.0,13.7,0.08183990442054957,interior,0.0
A,95,,LEU,CA,1.0290000438690186,-23.44099998474121,49.207000732421875,A:95 LEU,4,17,-0.9909391995492791,-0.42992767854620456,6,13,0,8,14,0.5290881359088593,0.7473185584789562,interior,"high Z, high homog",0.04878048780487805,0.04878048780487805,interior,1.0,8.0,0.04778972520908004,interior,1.0
A,96,,PRO,CA,1.3609999418258667,-25.405000686645508,52.448001861572266,A:96 PRO,2,11,-2.1295349023426557,-1.3934469753526604,4,13,0,8,14,,0.5438817762836008,exterior,low Z,0.75,0.75,exterior,1.0,100.1,0.5979689366786141,exterior,1.0
A,97,,ASP,CA,0.22499999403953552,-22.424999237060547,54.573001861572266,A:97 ASP,4,15,-0.9909391995492791,-0.7511007774816898,5,12,0,8,14,0.582480987059764,0.49975316728554264,intermediate,mixed signals,0.22085889570552147,0.22085889570552147,interior,0.0,37.6,0.22461170848267623,interior,0.0
A,98,,ASP,CA,-3.0329999923706055,-20.608999252319336,54.0359992980957,A:98 ASP,5,15,-0.42164134815259074,-0.7511007774816898,7,12,0,8,14,0.4815380134637134,0.5064012305439609,intermediate,mixed signals,0.6503067484662577,0.6503067484662577,exterior,0.0,112.5,0.6720430107526881,exterior,0.0
A,99,,ARG,CA,-1.6069999933242798,-17.584999084472656,55.89400100708008,A:99 ARG,4,18,-0.9909391995492791,-0.2693411290784619,6,12,0,8,14,0.3554536957703138,0.46565480122013403,intermediate,mixed signals,0.6209677419354839,0.6209677419354839,exterior,0.0,159.6,0.9534050179211468,exterior,0.0
A,100,,ILE,CA,0.7179999947547913,-16.642000198364258,53.040000915527344,A:100 ILE,6,23,0.14765650324409765,0.5335916182602511,10,11,0,8,14,0.794578741369978,0.8391592622785436,interior,"high Z, high homog",0.005917159763313609,0.005917159763313609,interior,1.0,1.9,0.01135005973715651,interior,1.0
A,101,,THR,CA,-0.8529999852180481,-13.642000198364258,51.375,A:101 THR,8,21,1.2862522060374744,0.21241851932476594,11,11,0,8,14,0.7455382541484301,0.9015808038833106,interior,"high Z, high homog",0.1267605633802817,0.1267605633802817,interior,1.0,20.2,0.12066905615292711,interior,1.0
A,102,,VAL,CA,-0.503000020980835,-11.996000289916992,47.97100067138672,A:102 VAL,6,27,0.14765650324409765,1.1759378161312217,11,11,0,8,14,0.615423789519767,0.8749890621688571,interior,"high Z, high homog",0.0,0.0,interior,1.0,0.2,0.0011947431302270011,interior,1.0
A,103,,ARG,CA,1.0980000495910645,-8.918999671936035,49.65999984741211,A:103 ARG,7,21,0.716954354640786,0.21241851932476594,8,10,0,8,14,0.5633738027201928,0.7715721477008187,interior,"high Z, high homog",0.10080645161290322,0.10080645161290322,interior,1.0,24.9,0.14874551971326164,interior,1.0
A,104,,GLN,CA,3.763000011444092,-11.182000160217285,51.29499816894531,A:104 GLN,10,24,2.424847908830851,0.6941781677279938,11,10,0,8,14,0.7291084213217361,0.798022588760159,interior,"high Z, high homog",0.12626262626262627,0.12626262626262627,interior,1.0,25.9,0.15471923536439663,interior,1.0
A,105,,VAL,CA,4.557000160217285,-12.859999656677246,47.948001861572266,A:105 VAL,8,28,1.2862522060374744,1.3365243655989643,10,10,0,8,14,0.6510740944063607,0.9064348921730884,interior,"high Z, high homog",0.007042253521126761,0.007042253521126761,interior,1.0,0.8,0.0047789725209080045,interior,1.0
A,106,,MET,CA,4.9120001792907715,-9.444999694824219,46.21799850463867,A:106 MET,7,25,0.716954354640786,0.8547647171957364,9,10,0,8,14,0.5835769882281252,0.9488968748526765,interior,"high Z, high homog",0.0,0.0,interior,1.0,0.4,0.0023894862604540022,interior,1.0
A,107,,SER,CA,7.315000057220459,-8.104999542236328,48.86199951171875,A:107 SER,7,28,0.716954354640786,1.3365243655989643,10,9,0,8,14,0.6970645754273055,0.9299809028582078,interior,"high Z, high homog",0.015384615384615385,0.015384615384615385,interior,1.0,2.2,0.013142174432497013,interior,1.0
A,108,,HIS,CA,9.378000259399414,-11.303999900817871,49.28300094604492,A:108 HIS,9,27,1.8555500574341628,1.1759378161312217,11,10,0,8,14,0.7201286311276027,0.8143086342389951,interior,"high Z, high homog",0.0,0.0,interior,1.0,0.5,0.0029868578255675027,interior,1.0
A,109,,ARG,CA,8.057999610900879,-11.883000373840332,52.80099868774414,A:109 ARG,8,25,1.2862522060374744,0.8547647171957364,12,10,0,8,14,0.9437273303492064,0.786832509011923,interior,"high Z, high homog",0.2056451612903226,0.2056451612903226,interior,1.0,50.5,0.3016726403823178,interior,1.0
A,110,,SER,CA,6.426000118255615,-15.260000228881836,52.108001708984375,A:110 SER,9,29,1.8555500574341628,1.497110915066707,9,11,0,8,14,0.791055169090711,0.8646035904285188,interior,"high Z, high homog",0.007692307692307693,0.007692307692307693,interior,1.0,0.5,0.0029868578255675027,interior,1.0
A,111,,GLY,CA,9.26099967956543,-17.51099967956543,53.310001373291016,A:111 GLY,6,24,0.14765650324409765,0.6941781677279938,10,11,0,8,14,0.8894222146968201,0.758772229148522,interior,"high Z, high homog",0.023809523809523808,0.023809523809523808,interior,1.0,2.4,0.014336917562724013,interior,1.0
A,112,,LEU,CA,9.138999938964844,-19.472000122070312,50.007999420166016,A:112 LEU,4,27,-0.9909391995492791,1.1759378161312217,10,12,0,8,14,0.5050663053768049,0.8685164218748381,interior,"high Z, high homog",0.012195121951219513,0.012195121951219513,interior,1.0,1.8,0.01075268817204301,interior,1.0
A,113,,TYR,CA,12.53600025177002,-21.05900001525879,49.25600051879883,A:113 TYR,4,24,-0.9909391995492791,0.6941781677279938,9,12,0,8,14,0.654664406428995,0.8046942094434271,interior,"high Z, high homog",0.1981981981981982,0.1981981981981982,interior,1.0,44.3,0.26463560334528075,interior,1.0
A,114,,ASP,CA,14.208000183105469,-19.850000381469727,46.06700134277344,A:114 ASP,7,22,0.716954354640786,0.37300506879250855,9,12,0,8,14,0.723534422169923,0.7343970688477357,interior,"high Z, high homog",0.06134969325153374,0.06134969325153374,interior,1.0,16.5,0.0985663082437276,interior,1.0
A,115,,TYR,CA,14.538999557495117,-22.81599998474121,43.696998596191406,A:115 TYR,6,20,0.14765650324409765,0.051831969857023326,9,13,0,8,14,0.7941779699842746,0.8021498943046927,interior,"high Z, high homog",0.0,0.0,interior,1.0,0.4,0.0023894862604540022,interior,1.0
A,116,,THR,CA,17.308000564575195,-20.993000030517578,41.755001068115234,A:116 THR,6,17,0.14765650324409765,-0.42992767854620456,6,12,0,8,14,0.48415088664914363,0.724120771001824,interior,"high Z, high homog",0.11267605633802817,0.11267605633802817,interior,1.0,15.9,0.09498207885304659,interior,1.0
A,117,,ASN,CA,19.698999404907227,-21.71500015258789,44.66600036621094,A:117 ASN,7,12,0.716954354640786,-1.2328604258849176,7,12,0,8,14,0.4658744108800038,0.5891292338111169,intermediate,mixed signals,0.6624203821656051,0.6624203821656051,exterior,0.0,103.5,0.6182795698924731,exterior,0.0
A,118,,ASP,CA,19.315000534057617,-25.417999267578125,43.645999908447266,A:118 ASP,6,12,0.14765650324409765,-1.2328604258849176,6,12,0,8,14,0.37161577440291116,0.5673697834436144,intermediate,mixed signals,0.4785276073619632,0.4785276073619632,interior,0.0,76.2,0.4551971326164875,interior,0.0
A,119,,MET,CA,19.375999450683594,-24.81100082397461,39.89099884033203,A:119 MET,5,16,-0.42164134815259074,-0.5905142280139472,7,12,0,8,14,0.49399435071696574,0.7602821962563386,interior,"high Z, high homog",0.14361702127659576,0.14361702127659576,interior,1.0,27.1,0.16188769414575865,interior,1.0
A,120,,PHE,CA,22.43000030517578,-22.554000854492188,39.742000579833984,A:120 PHE,8,15,1.2862522060374744,-0.7511007774816898,8,11,0,8,14,0.7376554578587566,0.6868110066862292,interior,"high Z, high homog",0.20304568527918782,0.20304568527918782,interior,1.0,40.9,0.24432497013142174,interior,1.0
A,121,,ALA,CA,24.70199966430664,-23.906999588012695,42.51900100708008,A:121 ALA,4,11,-0.9909391995492791,-1.3934469753526604,7,11,0,8,14,0.5025368906785205,0.45197688320567586,intermediate,mixed signals,0.7452830188679245,0.7452830188679245,exterior,0.0,77.9,0.465352449223417,interior,0.0
A,122,,GLN,CA,27.226999282836914,-24.23200035095215,39.654998779296875,A:122 GLN,5,12,-0.42164134815259074,-1.2328604258849176,6,11,0,8,14,0.3921309973852223,0.5140765572579931,intermediate,mixed signals,0.6565656565656566,0.6565656565656566,exterior,0.0,129.8,0.7753882915173238,exterior,0.0
A,123,,THR,CA,26.801000595092773,-21.347000122070312,37.2239990234375,A:123 THR,5,17,-0.42164134815259074,-0.42992767854620456,9,10,0,8,14,0.3602297083965116,0.8264499588543226,interior,"high Z, high homog",0.14788732394366197,0.14788732394366197,interior,1.0,21.2,0.1266427718040621,interior,1.0
A,124,,VAL,CA,27.69700050354004,-22.732999801635742,33.810001373291016,A:124 VAL,5,18,-0.42164134815259074,-0.2693411290784619,7,10,0,8,14,0.5740224493308312,0.7047022583305478,interior,"high Z, high homog",0.21830985915492956,0.21830985915492956,interior,1.0,31.2,0.18637992831541217,interior,1.0
A,125,,PRO,CA,26.488000869750977,-26.31599998474121,34.37099838256836,A:125 PRO,6,12,0.14765650324409765,-1.2328604258849176,7,11,0,8,14,0.3760073293708496,0.419890709659663,intermediate,mixed signals,0.45588235294117646,0.45588235294117646,interior,0.0,67.8,0.4050179211469534,interior,0.0
A,126,,GLY,CA,23.18899917602539,-24.92300033569336,35.803001403808594,A:126 GLY,9,14,1.8555500574341628,-0.9116873269494324,11,11,0,8,14,0.7478313725140229,0.8544880930299721,interior,"high Z, high homog",0.05952380952380952,0.05952380952380952,interior,1.0,5.5,0.03285543608124253,interior,1.0
A,127,,PHE,CA,22.79599952697754,-22.711999893188477,32.722999572753906,A:127 PHE,7,19,0.716954354640786,-0.1087545796107193,8,11,0,8,14,0.5025363496027495,0.949571569425157,interior,"high Z, high homog",0.015228426395939087,0.015228426395939087,interior,1.0,2.4,0.014336917562724013,interior,1.0
A,128,,GLU,CA,23.45199966430664,-25.642000198364258,30.312999725341797,A:128 GLU,6,14,0.14765650324409765,-0.9116873269494324,7,11,0,8,14,0.38654730425007566,0.5556570093906512,intermediate,mixed signals,0.7164948453608248,0.7164948453608248,exterior,0.0,142.0,0.8482676224611708,exterior,0.0
A,129,,SER,CA,20.867000579833984,-27.742000579833984,32.215999603271484,A:129 SER,4,11,-0.9909391995492791,-1.3934469753526604,6,12,0,8,14,0.3034409572041066,0.4785585928491244,intermediate,mixed signals,0.5538461538461539,0.5538461538461539,exterior,0.0,55.8,0.3333333333333333,interior,0.0
A,130,,VAL,CA,17.98900032043457,-25.250999450683594,31.9060001373291,A:130 VAL,6,17,0.14765650324409765,-0.42992767854620456,7,12,0,8,14,0.5035410827630731,0.7719784108698323,interior,"high Z, high homog",0.028169014084507043,0.028169014084507043,interior,1.0,3.8,0.02270011947431302,interior,1.0
A,131,,ARG,CA,18.690000534057617,-23.124000549316406,28.867000579833984,A:131 ARG,7,18,0.716954354640786,-0.2693411290784619,9,12,0,8,14,0.8220591271557931,0.7884351980236017,interior,"high Z, high homog",0.31451612903225806,0.31451612903225806,interior,1.0,78.6,0.4695340501792114,interior,1.0
A,132,,ASN,CA,16.6560001373291,-25.26300048828125,26.466999053955078,A:132 ASN,5,16,-0.42164134815259074,-0.5905142280139472,6,12,0,8,14,0.3756738812811897,0.45693021533692757,intermediate,mixed signals,0.7961783439490446,0.7961783439490446,exterior,0.0,123.7,0.7389486260454002,exterior,0.0
A,133,,LYS,CA,14.008000373840332,-26.45800018310547,28.93899917602539,A:133 LYS,4,13,-0.9909391995492791,-1.072273876417175,7,13,0,8,14,0.5158662507540982,0.46347648043153866,intermediate,mixed signals,0.5121951219512195,0.5121951219512195,exterior,0.0,105.4,0.6296296296296297,exterior,0.0
A,134,,VAL,CA,10.397000312805176,-25.410999298095703,29.2450008392334,A:134 VAL,3,17,-1.5602370509459675,-0.42992767854620456,7,12,0,8,14,0.4778254129487195,0.49883839159982324,exterior,low Z,0.6619718309859155,0.6619718309859155,exterior,1.0,94.6,0.5651135005973715,exterior,1.0
A,135,,PHE,CA,8.824000358581543,-25.461999893188477,32.71200180053711,A:135 PHE,4,15,-0.9909391995492791,-0.7511007774816898,8,13,0,8,14,0.8059988808154593,0.5822509371424548,interior,"high Z, high homog",0.13705583756345177,0.13705583756345177,interior,1.0,27.7,0.16547192353643966,interior,1.0
A,136,,SER,CA,5.202000141143799,-24.863000869750977,33.78799819946289,A:136 SER,4,12,-0.9909391995492791,-1.2328604258849176,6,13,0,8,14,0.39200505005075825,0.436873530183426,intermediate,mixed signals,0.4153846153846154,0.4153846153846154,interior,0.0,54.3,0.3243727598566308,interior,0.0
A,137,,TYR,CA,4.7210001945495605,-22.47100067138672,36.742000579833984,A:137 TYR,4,20,-0.9909391995492791,0.051831969857023326,8,12,0,8,14,0.2752125771638221,0.6338104914478364,intermediate,mixed signals,0.0990990990990991,0.0990990990990991,interior,0.0,22.9,0.13679808841099161,interior,0.0
A,138,,GLN,CA,3.739000082015991,-25.548999786376953,38.81999969482422,A:138 GLN,6,13,0.14765650324409765,-1.072273876417175,6,13,0,8,14,0.4043740199866366,0.5164655300859239,intermediate,mixed signals,0.41919191919191917,0.41919191919191917,interior,0.0,84.8,0.5065710872162484,exterior,0.0
A,139,,ASP,CA,7.080999851226807,-27.268999099731445,38.053001403808594,A:139 ASP,7,13,0.716954354640786,-1.072273876417175,8,13,0,8,14,0.5019653542738551,0.5400843219248056,intermediate,mixed signals,0.49079754601226994,0.49079754601226994,interior,0.0,78.5,0.46893667861409793,interior,0.0
A,140,,LEU,CA,8.98900032043457,-24.334999084472656,39.6150016784668,A:140 LEU,6,20,0.14765650324409765,0.051831969857023326,9,13,0,8,14,0.4118800601912753,0.7915401018951251,interior,"high Z, high homog",0.0,0.0,interior,1.0,0.0,0.0,interior,1.0
A,141,,ILE,CA,6.710000038146973,-24.05900001525879,42.60599899291992,A:141 ILE,6,22,0.14765650324409765,0.37300506879250855,9,13,0,8,14,0.42063070939090197,0.8038251647069354,interior,"high Z, high homog",0.0,0.0,interior,1.0,0.2,0.0011947431302270011,interior,1.0
A,142,,THR,CA,7.090000152587891,-27.775999069213867,43.244998931884766,A:142 THR,7,14,0.716954354640786,-0.9116873269494324,8,14,0,8,14,0.4892924457068192,0.565334189919215,intermediate,mixed signals,0.4647887323943662,0.4647887323943662,interior,0.0,67.0,0.40023894862604537,interior,0.0
A,143,,LEU,CA,10.911999702453613,-27.334999084472656,43.20000076293945,A:143 LEU,7,16,0.716954354640786,-0.5905142280139472,8,14,0,8,14,0.4887052821614434,0.5901082061762517,intermediate,mixed signals,0.2682926829268293,0.2682926829268293,interior,0.0,43.4,0.25925925925925924,interior,0.0
A,144,,SER,CA,10.59000015258789,-24.642000198364258,45.85900115966797,A:144 SER,8,22,1.2862522060374744,0.37300506879250855,12,13,0,8,14,0.7386054136794955,0.8135009443096375,interior,"high Z, high homog",0.007692307692307693,0.007692307692307693,interior,1.0,0.8,0.0047789725209080045,interior,1.0
A,145,,LEU,CA,8.199000358581543,-26.731000900268555,47.96699905395508,A:145 LEU,5,18,-0.42164134815259074,-0.2693411290784619,7,14,0,8,14,0.4032422653303098,0.6377588743738658,intermediate,mixed signals,0.3231707317073171,0.3231707317073171,interior,0.0,57.2,0.34169653524492233,interior,0.0
A,146,,LYS,CA,10.687000274658203,-29.673999786376953,48.242000579833984,A:146 LYS,4,10,-0.9909391995492791,-1.554033524820403,6,14,0,8,14,0.3015433977222578,0.3212232715684372,exterior,low Z,0.7804878048780488,0.7804878048780488,exterior,1.0,160.8,0.960573476702509,exterior,1.0
A,147,,HIS,CA,12.307000160217285,-27.31999969482422,50.88999938964844,A:147 HIS,4,12,-0.9909391995492791,-1.2328604258849176,6,13,0,8,14,0.4066341602307407,0.41663012754880147,intermediate,mixed signals,0.3641304347826087,0.3641304347826087,interior,0.0,65.6,0.39187574671445635,interior,0.0
A,148,,GLY,CA,10.583000183105469,-25.90399932861328,53.9900016784668,A:148 GLY,2,11,-2.1295349023426557,-1.3934469753526604,5,13,0,8,14,,0.43449774699167343,exterior,low Z,0.7261904761904762,0.7261904761904762,exterior,1.0,59.4,0.3548387096774193,interior,0.0
A,149,,VAL,CA,9.692999839782715,-22.226999282836914,54.194000244140625,A:149 VAL,6,16,0.14765650324409765,-0.5905142280139472,7,12,0,8,14,0.5568091453964401,0.7140074526984977,interior,"high Z, high homog",0.5,0.5,exterior,0.0,70.6,0.42174432497013137,interior,1.0
A,150,,THR,CA,12.510000228881836,-20.11199951171875,55.57099914550781,A:150 THR,3,15,-1.5602370509459675,-0.7511007774816898,6,12,0,8,14,0.3126846953753363,0.47124088438628575,exterior,low Z,0.5352112676056338,0.5352112676056338,exterior,1.0,77.8,0.46475507765830343,interior,0.0
A,151,,ASN,CA,10.463000297546387,-17.889999389648438,57.900001525878906,A:151 ASN,4,15,-0.9909391995492791,-0.7511007774816898,6,12,0,8,14,0.41915437760226737,0.45852430937723665,intermediate,mixed signals,0.21019108280254778,0.21019108280254778,interior,0.0,32.3,0.19295101553166066,interior,0.0
A,152,,ALA,CA,6.925000190734863,-17.37700080871582,59.189998626708984,A:152 ALA,3,14,-1.5602370509459675,-0.9116873269494324,5,12,0,8,14,0.42643709470815616,0.40783156571351753,exterior,low Z,0.5660377358490566,0.5660377358490566,exterior,1.0,58.2,0.34767025089605735,interior,0.0
A,153,,PRO,CA,4.550000190734863,-15.623000144958496,56.79100036621094,A:153 PRO,5,19,-0.42164134815259074,-0.1087545796107193,9,11,0,8,14,0.661475660519432,0.6006330905121764,interior,"high Z, high homog",0.20588235294117646,0.20588235294117646,interior,1.0,27.4,0.16367980884109914,interior,1.0
A,154,,GLY,CA,5.4120001792907715,-11.939000129699707,56.49399948120117,A:154 GLY,6,18,0.14765650324409765,-0.2693411290784619,7,11,0,8,14,0.5184588407525067,0.5133629190887916,intermediate,mixed signals,0.19047619047619047,0.19047619047619047,interior,0.0,17.0,0.1015531660692951,interior,0.0
A,155,,ALA,CA,8.201000213623047,-12.093999862670898,59.073001861572266,A:155 ALA,4,13,-0.9909391995492791,-1.072273876417175,6,11,0,8,14,0.4458142154952015,0.30937256210901776,intermediate,mixed signals,0.6415094339622641,0.6415094339622641,exterior,0.0,68.0,0.4062126642771804,interior,0.0
A,156,,ALA,CA,11.14900016784668,-10.951000213623047,57.00199890136719,A:156 ALA,4,18,-0.9909391995492791,-0.2693411290784619,5,10,0,8,14,0.40490924940833906,0.5073588934740022,intermediate,mixed signals,0.4339622641509434,0.4339622641509434,interior,0.0,46.4,0.27718040621266427,interior,0.0
A,157,,TYR,CA,12.494000434875488,-10.131999969482422,53.5989990234375,A:157 TYR,4,19,-0.9909391995492791,-0.1087545796107193,6,9,0,8,14,0.45510733459511743,0.7375146236449102,interior,"high Z, high homog",0.22522522522522523,0.22522522522522523,interior,1.0,50.4,0.30107526881720426,interior,1.0
A,158,,SER,CA,14.104000091552734,-13.038999557495117,51.72999954223633,A:158 SER,3,18,-1.5602370509459675,-0.2693411290784619,7,10,0,8,14,0.3626818875954363,0.5394860972033422,exterior,low Z,0.35384615384615387,0.35384615384615387,interior,0.0,45.5,0.27180406212664276,interior,0.0
A,159,,TYR,CA,14.503999710083008,-12.560999870300293,47.97100067138672,A:159 TYR,3,18,-1.5602370509459675,-0.2693411290784619,5,10,0,8,14,0.4127554803067075,0.4503936932111561,exterior,low Z,0.3108108108108108,0.3108108108108108,interior,0.0,54.9,0.3279569892473118,interior,0.0
A,160,,SER,CA,12.977999687194824,-15.49899959564209,46.13199996948242,A:160 SER,5,22,-0.42164134815259074,0.37300506879250855,9,11,0,8,14,0.6190518479926105,0.6960361012224563,interior,"high Z, high homog",0.007692307692307693,0.007692307692307693,interior,1.0,0.4,0.0023894862604540022,interior,1.0
A,161,,ASN,CA,12.185999870300293,-15.963000297546387,42.46200180053711,A:161 ASN,6,28,0.14765650324409765,1.3365243655989643,8,11,0,8,14,0.5600685125980955,0.7544747011685768,interior,"high Z, high homog",0.07006369426751592,0.07006369426751592,interior,1.0,16.0,0.09557945041816009,interior,1.0
A,162,,THR,CA,9.416000366210938,-18.35099983215332,43.53799819946289,A:162 THR,6,29,0.14765650324409765,1.497110915066707,11,12,0,8,14,0.5376512298636689,0.973598330975614,interior,"high Z, high homog",0.0,0.0,interior,1.0,0.4,0.0023894862604540022,interior,1.0
A,163,,ASN,CA,7.3420000076293945,-15.371999740600586,44.68299865722656,A:163 ASN,7,27,0.716954354640786,1.1759378161312217,11,11,0,8,14,0.6431833040254493,0.9043320675047005,interior,"high Z, high homog",0.006369426751592357,0.006369426751592357,interior,1.0,0.8,0.0047789725209080045,interior,1.0
A,164,,PHE,CA,7.13100004196167,-13.994000434875488,41.125999450683594,A:164 PHE,8,27,1.2862522060374744,1.1759378161312217,10,11,0,8,14,0.6325635260593248,0.878646976295896,interior,"high Z, high homog",0.0,0.0,interior,1.0,0.2,0.0011947431302270011,interior,1.0
A,165,,VAL,CA,6.506999969482422,-17.420000076293945,39.606998443603516,A:165 VAL,8,25,1.2862522060374744,0.8547647171957364,13,11,0,8,14,0.5269031942405578,0.9269197780142335,interior,"high Z, high homog",0.0,0.0,interior,1.0,0.0,0.0,interior,1.0
A,166,,VAL,CA,3.4660000801086426,-17.433000564575195,41.97800064086914,A:166 VAL,6,23,0.14765650324409765,0.5335916182602511,8,12,0,8,14,0.42817418147116515,0.897760374137381,interior,"high Z, high homog",0.0,0.0,interior,1.0,0.0,0.0,interior,1.0
A,167,,ALA,CA,2.61299991607666,-13.925000190734863,40.66699981689453,A:167 ALA,6,25,0.14765650324409765,0.8547647171957364,9,11,0,8,14,0.44094965487943416,0.8619902612203829,interior,"high Z, high homog",0.0,0.0,interior,1.0,0.2,0.0011947431302270011,interior,1.0
A,168,,GLY,CA,2.572999954223633,-15.25,37.08300018310547,A:168 GLY,7,24,0.716954354640786,0.6941781677279938,10,12,0,8,14,0.5975301575293426,0.8396728169690013,interior,"high Z, high homog",0.0,0.0,interior,1.0,0.0,0.0,interior,1.0
A,169,,MET,CA,0.21400000154972076,-18.073999404907227,38.10200119018555,A:169 MET,6,19,0.14765650324409765,-0.1087545796107193,9,12,0,8,14,0.41286741057697807,0.8402315655660464,interior,"high Z, high homog",0.15425531914893617,0.15425531914893617,interior,1.0,27.7,0.16547192353643966,interior,1.0
A,170,,LEU,CA,-2.125999927520752,-15.626999855041504,39.82600021362305,A:170 LEU,6,19,0.14765650324409765,-0.1087545796107193,8,12,0,8,14,0.4220245232231138,0.8690716513133218,interior,"high Z, high homog",0.0,0.0,interior,1.0,0.4,0.0023894862604540022,interior,1.0
A,171,,ILE,CA,-2.2750000953674316,-13.300000190734863,36.82099914550781,A:171 ILE,6,21,0.14765650324409765,0.21241851932476594,10,12,0,8,14,0.386632387168622,0.9012568659869037,interior,"high Z, high homog",0.0,0.0,interior,1.0,0.0,0.0,interior,1.0
A,172,,GLU,CA,-3.1470000743865967,-16.22800064086914,34.5099983215332,A:172 GLU,9,15,1.8555500574341628,-0.7511007774816898,11,13,0,8,14,0.7032597277529318,0.7220914719952946,interior,"high Z, high homog",0.31443298969072164,0.31443298969072164,interior,1.0,62.3,0.37216248506571087,interior,1.0
A,173,,LYS,CA,-5.735000133514404,-17.724000930786133,36.87200164794922,A:173 LYS,6,14,0.14765650324409765,-0.9116873269494324,7,13,0,8,14,0.36500541061182434,0.5152263675388191,intermediate,mixed signals,0.6390243902439025,0.6390243902439025,exterior,0.0,130.7,0.7807646356033452,exterior,0.0
A,174,,LEU,CA,-7.584000110626221,-14.449999809265137,37.48400115966797,A:174 LEU,5,14,-0.42164134815259074,-0.9116873269494324,6,13,0,8,14,0.27884865369584433,0.6345517020672689,intermediate,mixed signals,0.31097560975609756,0.31097560975609756,interior,0.0,50.7,0.30286738351254483,interior,0.0
A,175,,THR,CA,-7.548999786376953,-13.137999534606934,33.941001892089844,A:175 THR,5,13,-0.42164134815259074,-1.072273876417175,6,13,0,8,14,0.33820381494624974,0.520413310566574,intermediate,mixed signals,0.18309859154929578,0.18309859154929578,interior,0.0,25.6,0.15292712066905614,interior,0.0
A,176,,GLY,CA,-7.86299991607666,-16.392000198364258,31.950000762939453,A:176 GLY,5,11,-0.42164134815259074,-1.3934469753526604,5,14,0,8,14,0.3283127059562351,0.2858510838415461,intermediate,mixed signals,0.7857142857142857,0.7857142857142857,exterior,0.0,65.8,0.39307048984468335,interior,0.0
A,177,,HIS,CA,-5.03000020980835,-15.079000473022461,29.687000274658203,A:177 HIS,4,11,-0.9909391995492791,-1.3934469753526604,7,13,0,8,14,0.4366467101841026,0.4769670867491955,intermediate,mixed signals,0.5054347826086957,0.5054347826086957,exterior,0.0,91.1,0.5442054958183989,exterior,0.0
A,178,,SER,CA,-1.281000018119812,-15.736000061035156,29.39299964904785,A:178 SER,5,13,-0.42164134815259074,-1.072273876417175,6,12,0,8,14,0.5250164260659032,0.45950220133966113,intermediate,mixed signals,0.3923076923076923,0.3923076923076923,interior,0.0,52.3,0.3124253285543608,interior,0.0
A,179,,VAL,CA,0.9990000128746033,-13.244999885559082,31.12700080871582,A:179 VAL,4,23,-0.9909391995492791,0.5335916182602511,9,12,0,8,14,0.2986941235413981,0.8098791914516945,interior,"high Z, high homog",0.02112676056338028,0.02112676056338028,interior,1.0,2.0,0.01194743130227001,interior,1.0
A,180,,ALA,CA,2.256999969482422,-12.220999717712402,27.66900062561035,A:180 ALA,6,18,0.14765650324409765,-0.2693411290784619,7,11,0,8,14,0.5702671194168661,0.7677222638392935,interior,"high Z, high homog",0.3113207547169811,0.3113207547169811,interior,1.0,33.1,0.1977299880525687,interior,1.0
A,181,,THR,CA,-1.225000023841858,-11.008999824523926,26.79400062561035,A:181 THR,6,15,0.14765650324409765,-0.7511007774816898,8,12,0,8,14,0.40228429051691705,0.5671884260770805,intermediate,mixed signals,0.39436619718309857,0.39436619718309857,interior,0.0,56.3,0.3363201911589008,interior,0.0
A,182,,GLU,CA,-1.5850000381469727,-9.114999771118164,30.062999725341797,A:182 GLU,7,19,0.716954354640786,-0.1087545796107193,9,12,0,8,14,0.4863041662602633,0.8021209757489169,interior,"high Z, high homog",0.03608247422680412,0.03608247422680412,interior,1.0,6.2,0.037037037037037035,interior,1.0
A,183,,TYR,CA,1.7979999780654907,-7.396999835968018,29.749000549316406,A:183 TYR,7,20,0.716954354640786,0.051831969857023326,9,11,0,8,14,0.46476137807908213,0.9282822088217343,interior,"high Z, high homog",0.0,0.0,interior,1.0,0.0,0.0,interior,1.0
A,184,,GLN,CA,0.9929999709129333,-6.383999824523926,26.194000244140625,A:184 GLN,8,17,1.2862522060374744,-0.42992767854620456,9,11,0,8,14,0.5338206376983562,0.7146203987113853,interior,"high Z, high homog",0.41414141414141414,0.41414141414141414,interior,1.0,80.8,0.48267622461170845,interior,1.0
A,185,,ASN,CA,-2.50600004196167,-5.013999938964844,26.856000900268555,A:185 ASN,6,13,0.14765650324409765,-1.072273876417175,8,11,0,8,14,0.36957576249620483,0.44929985407326833,intermediate,mixed signals,0.6369426751592356,0.6369426751592356,exterior,0.0,99.1,0.591995221027479,exterior,0.0
A,186,,ARG,CA,-1.7730000019073486,-3.3489999771118164,30.17099952697754,A:186 ARG,5,15,-0.42164134815259074,-0.7511007774816898,9,11,0,8,14,0.2957925361133279,0.6359494208064504,intermediate,mixed signals,0.13709677419354838,0.13709677419354838,interior,0.0,34.2,0.20430107526881722,interior,0.0
A,187,,ILE,CA,1.6959999799728394,-1.9950000047683716,29.715999603271484,A:187 ILE,8,19,1.2862522060374744,-0.1087545796107193,8,11,0,8,14,0.45020730850754354,0.8512745321235489,interior,"high Z, high homog",0.0,0.0,interior,1.0,0.0,0.0,interior,1.0
A,188,,PHE,CA,3.4769999980926514,-2.505000114440918,26.33799934387207,A:188 PHE,7,21,0.716954354640786,0.21241851932476594,11,10,0,8,14,0.533276087353268,0.8813049607042537,interior,"high Z, high homog",0.015228426395939087,0.015228426395939087,interior,1.0,3.8,0.02270011947431302,interior,1.0
A,189,,THR,CA,0.7080000042915344,-1.1380000114440918,24.141000747680664,A:189 THR,7,12,0.716954354640786,-1.2328604258849176,9,10,0,8,14,0.5072408985793017,0.5037071924313388,intermediate,mixed signals,0.5985915492957746,0.5985915492957746,exterior,0.0,86.1,0.5143369175627239,exterior,0.0
A,190,,PRO,CA,-0.49399998784065247,1.7929999828338623,26.260000228881836,A:190 PRO,5,11,-0.42164134815259074,-1.3934469753526604,6,11,0,8,14,0.27426474096944875,0.45493391303469066,intermediate,mixed signals,0.5955882352941176,0.5955882352941176,exterior,0.0,82.4,0.4922341696535245,interior,0.0
A,191,,LEU,CA,3.078000068664551,3.0209999084472656,26.780000686645508,A:191 LEU,6,16,0.14765650324409765,-0.5905142280139472,6,10,0,8,14,0.33412226323604355,0.6145940623042365,intermediate,mixed signals,0.16463414634146342,0.16463414634146342,interior,0.0,27.6,0.16487455197132617,interior,0.0
A,192,,ASN,CA,4.086999893188477,2.296999931335449,23.16900062561035,A:192 ASN,6,13,0.14765650324409765,-1.072273876417175,6,10,0,8,14,0.44141145206856547,0.40331465516004705,intermediate,mixed signals,0.7707006369426752,0.7707006369426752,exterior,0.0,123.1,0.7353643966547192,exterior,0.0
A,193,,LEU,CA,7.103000164031982,0.18400000035762787,24.320999145507812,A:193 LEU,7,18,0.716954354640786,-0.2693411290784619,8,10,0,8,14,0.8674486376454889,0.7426401798547086,interior,"high Z, high homog",0.042682926829268296,0.042682926829268296,interior,1.0,6.8,0.04062126642771804,interior,1.0
A,194,,THR,CA,8.17300033569336,-0.9629999995231628,20.860000610351562,A:194 THR,4,12,-0.9909391995492791,-1.2328604258849176,4,11,0,8,14,0.4163667764986787,0.3975820270073286,intermediate,mixed signals,0.6197183098591549,0.6197183098591549,exterior,0.0,86.8,0.5185185185185185,exterior,0.0
A,195,,ASP,CA,11.39799976348877,-2.611999988555908,22.011999130249023,A:195 ASP,5,20,-0.42164134815259074,0.051831969857023326,8,10,0,8,14,0.49694273061043837,0.6653499014556667,interior,"high Z, high homog",0.15337423312883436,0.15337423312883436,interior,1.0,25.9,0.15471923536439663,interior,1.0
A,196,,THR,CA,9.710000038146973,-4.639999866485596,24.798999786376953,A:196 THR,6,24,0.14765650324409765,0.6941781677279938,9,10,0,8,14,0.7710475554810517,0.868999661910857,interior,"high Z, high homog",0.02112676056338028,0.02112676056338028,interior,1.0,3.8,0.02270011947431302,interior,1.0
A,197,,PHE,CA,8.708000183105469,-8.241999626159668,24.472999572753906,A:197 PHE,4,20,-0.9909391995492791,0.051831969857023326,7,9,0,8,14,0.4177538339167679,0.7658802694655407,interior,"high Z, high homog",0.26903553299492383,0.26903553299492383,interior,1.0,53.8,0.3213859020310633,interior,1.0
A,198,,TYR,CA,7.716000080108643,-11.364999771118164,26.378999710083008,A:198 TYR,5,22,-0.42164134815259074,0.37300506879250855,7,10,0,8,14,0.8355689072411365,0.7913445858607226,interior,"high Z, high homog",0.11711711711711711,0.11711711711711711,interior,1.0,24.3,0.14516129032258066,interior,1.0
A,199,,VAL,CA,8.288999557495117,-14.281999588012695,23.961999893188477,A:199 VAL,3,17,-1.5602370509459675,-0.42992767854620456,5,10,0,8,14,0.5519232369080529,0.5613910336129796,intermediate,mixed signals,0.28169014084507044,0.28169014084507044,interior,0.0,42.1,0.25149342891278376,interior,0.0
A,200,,HIS,CA,8.758999824523926,-17.214000701904297,26.33799934387207,A:200 HIS,5,19,-0.42164134815259074,-0.1087545796107193,8,11,0,8,14,0.5765807132465973,0.6793760059326892,interior,"high Z, high homog",0.23369565217391305,0.23369565217391305,interior,1.0,42.6,0.25448028673835127,interior,1.0
A,201,,PRO,CA,9.668000221252441,-19.94499969482422,25.510000228881836,A:201 PRO,3,17,-1.5602370509459675,-0.42992767854620456,8,11,0,8,14,0.4484849535515443,0.5393941925825575,exterior,low Z,0.4485294117647059,0.4485294117647059,interior,0.0,61.1,0.36499402628434885,interior,0.0
A,202,,ASP,CA,11.210000038146973,-18.61400032043457,22.308000564575195,A:202 ASP,6,15,0.14765650324409765,-0.7511007774816898,6,11,0,8,14,0.530236675670368,0.4993704476527261,intermediate,mixed signals,0.50920245398773,0.50920245398773,exterior,0.0,85.6,0.5113500597371564,exterior,0.0
A,203,,THR,CA,14.996000289916992,-18.349000930786133,22.56999969482422,A:203 THR,5,15,-0.42164134815259074,-0.7511007774816898,7,11,0,8,14,0.7432464126267542,0.6516218057211625,interior,"high Z, high homog",0.352112676056338,0.352112676056338,interior,1.0,48.9,0.2921146953405018,interior,1.0
A,204,,VAL,CA,15.562000274658203,-15.555000305175781,20.033000946044922,A:204 VAL,4,13,-0.9909391995492791,-1.072273876417175,5,11,0,8,14,0.49671248113745015,0.5873168232021191,intermediate,mixed signals,0.45774647887323944,0.45774647887323944,interior,0.0,66.3,0.39605734767025086,interior,0.0
A,205,,ILE,CA,15.767999649047852,-11.881999969482422,20.94700050354004,A:205 ILE,2,20,-2.1295349023426557,0.051831969857023326,5,11,0,8,14,,0.7471238567931803,intermediate,mixed signals,0.01775147928994083,0.01775147928994083,interior,0.0,2.1,0.012544802867383513,interior,0.0
A,206,,PRO,CA,13.909000396728516,-9.994999885559082,18.20800018310547,A:206 PRO,2,14,-2.1295349023426557,-0.9116873269494324,4,12,0,8,14,,0.5208502889043582,exterior,low Z,0.27941176470588236,0.27941176470588236,interior,0.0,38.4,0.2293906810035842,interior,0.0
A,207,,GLY,CA,15.850000381469727,-7.315999984741211,16.336999893188477,A:207 GLY,2,10,-2.1295349023426557,-1.554033524820403,4,11,0,8,14,,0.32836392991472907,exterior,low Z,0.6071428571428571,0.6071428571428571,exterior,1.0,50.1,0.2992831541218638,interior,0.0
A,208,,THR,CA,19.270999908447266,-5.822000026702881,17.05699920654297,A:208 THR,3,14,-1.5602370509459675,-0.9116873269494324,5,11,0,8,14,0.4803031548294391,0.426873847051346,exterior,low Z,0.6690140845070423,0.6690140845070423,exterior,1.0,92.6,0.5531660692951015,exterior,1.0
A,209,,HIS,CA,20.458999633789062,-6.920000076293945,20.48900032043457,A:209 HIS,5,22,-0.42164134815259074,0.37300506879250855,8,10,0,8,14,0.5442976900991898,0.7296743313390448,interior,"high Z, high homog",0.14673913043478262,0.14673913043478262,interior,1.0,26.2,0.15651135005973715,interior,1.0
A,210,,ALA,CA,23.44099998474121,-7.166999816894531,22.764999389648438,A:210 ALA,5,30,-0.42164134815259074,1.6576974645344495,10,10,0,8,14,0.803071531385777,0.8050686866293467,interior,"high Z, high homog",0.0,0.0,interior,1.0,0.0,0.0,interior,1.0
A,211,,ASN,CA,24.610000610351562,-10.779999732971191,23.292999267578125,A:211 ASN,5,27,-0.42164134815259074,1.1759378161312217,8,11,0,8,14,0.7778700152526186,0.753592260677296,interior,"high Z, high homog",0.08917197452229299,0.08917197452229299,interior,1.0,14.8,0.0884109916367981,interior,1.0
A,212,,GLY,CA,24.97100067138672,-11.880000114440918,26.927000045776367,A:212 GLY,8,29,1.2862522060374744,1.497110915066707,12,10,0,8,14,0.736697120686379,0.8109114383282486,interior,"high Z, high homog",0.0,0.0,interior,1.0,0.0,0.0,interior,1.0
A,213,,TYR,CA,28.176000595092773,-13.48900032043457,28.2450008392334,A:213 TYR,8,27,1.2862522060374744,1.1759378161312217,12,10,0,8,14,0.658826447406281,0.8128496240522339,interior,"high Z, high homog",0.036036036036036036,0.036036036036036036,interior,1.0,7.6,0.04540023894862604,interior,1.0
A,214,,LEU,CA,28.040000915527344,-15.670000076293945,31.302000045776367,A:214 LEU,9,25,1.8555500574341628,0.8547647171957364,13,10,0,8,14,0.713242934985603,0.8552700621462487,interior,"high Z, high homog",0.012195121951219513,0.012195121951219513,interior,1.0,1.4,0.008363201911589008,interior,1.0
A,215,,THR,CA,31.20400047302246,-15.496999740600586,33.444000244140625,A:215 THR,4,24,-0.9909391995492791,0.6941781677279938,10,10,0,8,14,0.7015635390294026,0.8414753601185465,interior,"high Z, high homog",0.18309859154929578,0.18309859154929578,interior,1.0,25.1,0.14994026284348866,interior,1.0
A,216,,PRO,CA,32.202999114990234,-18.966999053955078,34.737998962402344,A:216 PRO,5,18,-0.42164134815259074,-0.2693411290784619,8,10,0,8,14,0.7801057522084078,0.8234347756658527,interior,"high Z, high homog",0.09558823529411764,0.09558823529411764,interior,1.0,12.3,0.07347670250896057,interior,1.0
A,217,,ASP,CA,32.71200180053711,-19.5310001373291,38.470001220703125,A:217 ASP,2,13,-2.1295349023426557,-1.072273876417175,5,10,0,8,14,,0.6250424540045258,intermediate,mixed signals,0.49079754601226994,0.49079754601226994,interior,0.0,78.5,0.46893667861409793,interior,0.0
A,218,,GLU,CA,36.428001403808594,-20.242000579833984,38.084999084472656,A:218 GLU,4,8,-0.9909391995492791,-1.8752066237558882,5,11,0,8,14,0.42926983860942647,0.3806818300067263,exterior,low Z,0.6597938144329897,0.6597938144329897,exterior,1.0,128.2,0.7658303464755076,exterior,1.0
A,219,,ALA,CA,38.73899841308594,-17.243000030517578,37.80400085449219,A:219 ALA,3,7,-1.5602370509459675,-2.035793173223631,4,11,0,8,14,0.3118207497986145,0.27449763921985393,exterior,low Z,1.0,1.0,exterior,1.0,107.7,0.6433691756272402,exterior,1.0
A,220,,GLY,CA,40.2239990234375,-16.784000396728516,34.35499954223633,A:220 GLY,2,8,-2.1295349023426557,-1.8752066237558882,4,12,0,8,14,,0.2355059556792426,exterior,low Z,1.0,1.0,exterior,1.0,88.0,0.5256869772998805,exterior,1.0
A,221,,GLY,CA,37.619998931884766,-19.02899932861328,32.65800094604492,A:221 GLY,5,9,-0.42164134815259074,-1.7146200742881454,6,11,0,8,14,0.5920465381666287,0.5247890215660327,intermediate,mixed signals,0.39285714285714285,0.39285714285714285,interior,0.0,32.8,0.19593787335722818,interior,0.0
A,222,,ALA,CA,36.39099884033203,-18.38800048828125,29.100000381469727,A:222 ALA,2,11,-2.1295349023426557,-1.3934469753526604,4,12,0,8,14,,0.39162663788761687,exterior,low Z,0.8018867924528302,0.8018867924528302,exterior,1.0,84.9,0.5071684587813621,exterior,1.0
A,223,,LEU,CA,33.03099822998047,-16.60300064086914,28.72800064086914,A:223 LEU,5,17,-0.42164134815259074,-0.42992767854620456,8,11,0,8,14,0.5462050838687169,0.6193684688234292,interior,"high Z, high homog",0.25,0.25,interior,1.0,41.2,0.24611708482676226,interior,1.0
A,224,,VAL,CA,29.985000610351562,-18.576000213623047,27.615999221801758,A:224 VAL,5,17,-0.42164134815259074,-0.42992767854620456,7,11,0,8,14,0.37888999331910367,0.5198590757465029,intermediate,mixed signals,0.3028169014084507,0.3028169014084507,interior,0.0,42.4,0.2532855436081242,interior,0.0
A,225,,ASP,CA,27.518999099731445,-17.027000427246094,25.176000595092773,A:225 ASP,4,17,-0.9909391995492791,-0.42992767854620456,7,11,0,8,14,0.4743350485096185,0.5357255004683159,intermediate,mixed signals,0.4049079754601227,0.4049079754601227,interior,0.0,68.1,0.40681003584229386,interior,0.0
A,226,,SER,CA,24.25,-17.173999786376953,27.104000091552734,A:226 SER,9,22,1.8555500574341628,0.37300506879250855,9,10,0,8,14,0.5688848769473326,0.647409797683713,interior,"high Z, high homog",0.0,0.0,interior,1.0,0.0,0.0,interior,1.0
A,227,,THR,CA,22.19700050354004,-15.001999855041504,24.76300048828125,A:227 THR,5,24,-0.42164134815259074,0.6941781677279938,7,10,0,8,14,0.6124157237041388,0.7456549541663953,interior,"high Z, high homog",0.007042253521126761,0.007042253521126761,interior,1.0,1.8,0.01075268817204301,interior,1.0
A,228,,GLU,CA,19.62700080871582,-17.51099967956543,23.472000122070312,A:228 GLU,5,16,-0.42164134815259074,-0.5905142280139472,5,11,0,8,14,0.7618451527760819,0.6673888761608927,interior,"high Z, high homog",0.4587628865979381,0.4587628865979381,interior,1.0,87.4,0.5221027479091995,exterior,0.0
A,229,,GLN,CA,17.687999725341797,-19.415000915527344,26.079999923706055,A:229 GLN,6,22,0.14765650324409765,0.37300506879250855,7,11,0,8,14,0.6895056467456182,0.7389451238620601,interior,"high Z, high homog",0.0,0.0,interior,1.0,0.4,0.0023894862604540022,interior,1.0
A,230,,THR,CA,14.029999732971191,-19.968000411987305,27.01799964904785,A:230 THR,9,21,1.8555500574341628,0.21241851932476594,11,12,0,8,14,0.9343934429534777,0.8688495315695209,interior,"high Z, high homog",0.056338028169014086,0.056338028169014086,interior,1.0,7.9,0.047192353643966546,interior,1.0
A,231,,VAL,CA,14.359999656677246,-18.149999618530273,30.378000259399414,A:231 VAL,6,28,0.14765650324409765,1.3365243655989643,10,11,0,8,14,0.7355847464761074,0.8965898961837587,interior,"high Z, high homog",0.014084507042253521,0.014084507042253521,interior,1.0,2.2,0.013142174432497013,interior,1.0
A,232,,SER,CA,11.63599967956543,-20.697999954223633,31.315000534057617,A:232 SER,7,23,0.716954354640786,0.5335916182602511,10,12,0,8,14,0.8527255588459332,0.8937024700588485,interior,"high Z, high homog",0.0,0.0,interior,1.0,0.0,0.0,interior,1.0
A,233,,TRP,CA,13.170999526977539,-20.990999221801758,34.79600143432617,A:233 TRP,3,28,-1.5602370509459675,1.3365243655989643,5,12,0,8,14,0.25394121020127514,0.8337527436318419,exterior,low Z,0.07488986784140969,0.07488986784140969,interior,0.0,17.8,0.1063321385902031,interior,0.0
A,234,,ALA,CA,12.130000114440918,-17.365999221801758,35.494998931884766,A:234 ALA,6,25,0.14765650324409765,0.8547647171957364,9,11,0,8,14,0.6223532889447515,0.758448457630011,interior,"high Z, high homog",0.009433962264150943,0.009433962264150943,interior,1.0,1.0,0.005973715651135005,interior,1.0
A,235,,GLN,CA,9.085000038146973,-16.469999313354492,33.29899978637695,A:235 GLN,6,28,0.14765650324409765,1.3365243655989643,9,11,0,8,14,0.4994773182079132,0.8904144203910183,interior,"high Z, high homog",0.045454545454545456,0.045454545454545456,interior,1.0,8.6,0.051373954599761046,interior,1.0
A,236,,SER,CA,7.105999946594238,-13.807000160217285,35.22200012207031,A:236 SER,6,34,0.14765650324409765,2.30004366240542,11,11,0,8,14,0.5300733647715037,0.8571231148864086,interior,"high Z, high homog",0.0,0.0,interior,1.0,0.0,0.0,interior,1.0
A,237,,ALA,CA,10.126999855041504,-13.32800006866455,37.54100036621094,A:237 ALA,10,29,2.424847908830851,1.497110915066707,11,10,0,8,14,0.9087818084743026,0.8892863440726442,interior,"high Z, high homog",0.009433962264150943,0.009433962264150943,interior,1.0,0.6,0.003584229390681003,interior,1.0
A,238,,GLY,CA,12.607999801635742,-12.569000244140625,34.72999954223633,A:238 GLY,8,27,1.2862522060374744,1.1759378161312217,11,10,0,8,14,0.7768020426894048,0.8651898505916011,interior,"high Z, high homog",0.047619047619047616,0.047619047619047616,interior,1.0,4.0,0.02389486260454002,interior,1.0
A,239,,ALA,CA,11.852999687194824,-13.119000434875488,31.01300048828125,A:239 ALA,5,26,-0.42164134815259074,1.015351266663479,13,10,0,8,14,0.6831449150575826,0.9243348268302988,interior,"high Z, high homog",0.05660377358490566,0.05660377358490566,interior,1.0,6.7,0.04002389486260454,interior,1.0
A,240,,VAL,CA,11.055999755859375,-9.614999771118164,29.618000030517578,A:240 VAL,6,25,0.14765650324409765,0.8547647171957364,10,9,0,8,14,0.8744673417096405,0.8061916856146776,interior,"high Z, high homog",0.0,0.0,interior,1.0,0.2,0.0011947431302270011,interior,1.0
A,241,,ILE,CA,13.227999687194824,-8.243000030517578,26.79800033569336,A:241 ILE,7,22,0.716954354640786,0.37300506879250855,10,9,0,8,14,0.7528797411964062,0.8670048147871325,interior,"high Z, high homog",0.0,0.0,interior,1.0,0.2,0.0011947431302270011,interior,1.0
A,242,,SER,CA,13.482000350952148,-4.415999889373779,26.500999450683594,A:242 SER,6,25,0.14765650324409765,0.8547647171957364,12,9,0,8,14,0.612143223813949,0.9236350868200742,interior,"high Z, high homog",0.0,0.0,interior,1.0,0.0,0.0,interior,1.0
A,243,,SER,CA,15.75,-1.4570000171661377,25.785999298095703,A:243 SER,6,25,0.14765650324409765,0.8547647171957364,11,10,0,8,14,0.7147683217459394,0.9066993090577256,interior,"high Z, high homog",0.007692307692307693,0.007692307692307693,interior,1.0,1.2,0.007168458781362006,interior,1.0
A,244,,THR,CA,17.13599967956543,1.4889999628067017,27.770999908447266,A:244 THR,5,30,-0.42164134815259074,1.6576974645344495,9,10,0,8,14,0.48344534087792956,0.8606528084103925,interior,"high Z, high homog",0.007042253521126761,0.007042253521126761,interior,1.0,0.6,0.003584229390681003,interior,1.0
A,245,,GLN,CA,14.513999938964844,3.799999952316284,26.243000030517578,A:245 GLN,5,24,-0.42164134815259074,0.6941781677279938,6,10,0,8,14,0.31317037878505705,0.6982128996337773,intermediate,mixed signals,0.4595959595959596,0.4595959595959596,interior,0.0,89.2,0.5328554360812425,exterior,0.0
A,246,,ASP,CA,11.581999778747559,1.5410000085830688,27.073999404907227,A:246 ASP,8,21,1.2862522060374744,0.21241851932476594,11,10,0,8,14,0.6499306044370847,0.8632576644021259,interior,"high Z, high homog",0.024539877300613498,0.024539877300613498,interior,1.0,4.2,0.025089605734767026,interior,1.0
A,247,,LEU,CA,12.66100025177002,0.8460000157356262,30.670000076293945,A:247 LEU,6,27,0.14765650324409765,1.1759378161312217,11,9,0,8,14,0.3983731016332406,0.8299347762654325,interior,"high Z, high homog",0.0,0.0,interior,1.0,0.2,0.0011947431302270011,interior,1.0
A,248,,ASP,CA,13.185999870300293,4.626999855041504,31.15399932861328,A:248 ASP,9,25,1.8555500574341628,0.8547647171957364,12,9,0,8,14,0.7387509973394765,0.7741529528035814,interior,"high Z, high homog",0.012269938650306749,0.012269938650306749,interior,1.0,2.2,0.013142174432497013,interior,1.0
A,249,,THR,CA,9.645000457763672,5.160999774932861,29.770000457763672,A:249 THR,6,19,0.14765650324409765,-0.1087545796107193,8,9,0,8,14,0.3977110939506805,0.6886260171457648,intermediate,mixed signals,0.323943661971831,0.323943661971831,interior,0.0,49.0,0.2927120669056153,interior,0.0
A,250,,PHE,CA,8.196999549865723,2.4110000133514404,31.94700050354004,A:250 PHE,7,27,0.716954354640786,1.1759378161312217,8,9,0,8,14,0.4617322459473254,0.8181703254465771,interior,"high Z, high homog",0.0,0.0,interior,1.0,0.0,0.0,interior,1.0
A,251,,PHE,CA,9.704999923706055,3.563999891281128,35.28799819946289,A:251 PHE,6,30,0.14765650324409765,1.6576974645344495,13,9,0,8,14,0.3901885929316389,0.7795436738426107,interior,"high Z, high homog",0.01015228426395939,0.01015228426395939,interior,1.0,1.2,0.007168458781362006,interior,1.0
A,252,,SER,CA,8.986000061035156,7.21999979019165,34.54100036621094,A:252 SER,8,26,1.2862522060374744,1.015351266663479,12,9,0,8,14,0.6203746068830567,0.7541930960083718,interior,"high Z, high homog",0.24615384615384617,0.24615384615384617,interior,1.0,25.0,0.14934289127837513,interior,1.0
A,253,,ALA,CA,5.317999839782715,6.296000003814697,33.78099822998047,A:253 ALA,7,20,0.716954354640786,0.051831969857023326,11,10,0,8,14,0.5315282710393382,0.7013423421993434,interior,"high Z, high homog",0.03773584905660377,0.03773584905660377,interior,1.0,4.4,0.026284348864994027,interior,1.0
A,254,,LEU,CA,5.125,4.13100004196167,36.95399856567383,A:254 LEU,8,22,1.2862522060374744,0.37300506879250855,9,10,0,8,14,0.5256957438716854,0.7894480930859302,interior,"high Z, high homog",0.006097560975609756,0.006097560975609756,interior,1.0,1.1,0.006571087216248507,interior,1.0
A,255,,MET,CA,6.513000011444092,6.835000038146973,39.30400085449219,A:255 MET,7,21,0.716954354640786,0.21241851932476594,9,10,0,8,14,0.46216550996218275,0.718774929077244,interior,"high Z, high homog",0.047872340425531915,0.047872340425531915,interior,1.0,9.2,0.05495818399044205,interior,1.0
A,256,,SER,CA,4.517000198364258,9.67199993133545,37.7140007019043,A:256 SER,7,17,0.716954354640786,-0.42992767854620456,8,10,0,8,14,0.5664128680506927,0.5396025693695784,interior,"high Z, high homog",0.4230769230769231,0.4230769230769231,interior,1.0,57.5,0.34348864994026285,interior,1.0
A,257,,GLY,CA,1.2549999952316284,7.801000118255615,38.34400177001953,A:257 GLY,5,16,-0.42164134815259074,-0.5905142280139472,8,10,0,8,14,0.39518200527912206,0.6161102426924969,intermediate,mixed signals,0.4523809523809524,0.4523809523809524,interior,0.0,38.8,0.23178016726403822,interior,0.0
A,258,,GLN,CA,0.2160000056028366,6.59499979019165,34.8849983215332,A:258 GLN,5,15,-0.42164134815259074,-0.7511007774816898,6,10,0,8,14,0.34432374398899446,0.5178305022427029,intermediate,mixed signals,0.6717171717171717,0.6717171717171717,exterior,0.0,134.2,0.8016726403823177,exterior,0.0
A,259,,LEU,CA,0.006000000052154064,2.8529999256134033,35.46200180053711,A:259 LEU,4,21,-0.9909391995492791,0.21241851932476594,5,10,0,8,14,0.3867371283047647,0.7799870663822636,interior,"high Z, high homog",0.06097560975609756,0.06097560975609756,interior,1.0,10.2,0.06093189964157705,interior,1.0
A,260,,MET,CA,-2.4130001068115234,2.4100000858306885,38.38999938964844,A:260 MET,3,20,-1.5602370509459675,0.051831969857023326,9,10,0,8,14,0.8641660469856277,0.6984240458795283,intermediate,mixed signals,0.11170212765957446,0.11170212765957446,interior,0.0,20.3,0.12126642771804062,interior,0.0
A,261,,SER,CA,-4.452000141143799,4.3429999351501465,40.92900085449219,A:261 SER,4,13,-0.9909391995492791,-1.072273876417175,6,11,0,8,14,0.41235361426840555,0.5217251760245819,intermediate,mixed signals,0.3153846153846154,0.3153846153846154,interior,0.0,41.3,0.24671445639187572,interior,0.0
A,262,,ALA,CA,-2.681999921798706,6.545000076293945,43.46799850463867,A:262 ALA,4,13,-0.9909391995492791,-1.072273876417175,7,11,0,8,14,0.28303902820513716,0.44284434249265703,intermediate,mixed signals,0.8018867924528302,0.8018867924528302,exterior,0.0,86.4,0.5161290322580645,exterior,0.0
A,263,,ALA,CA,-3.796999931335449,4.159999847412109,46.2599983215332,A:263 ALA,5,10,-0.42164134815259074,-1.554033524820403,6,11,0,8,14,0.31972651594322155,0.3474576099296648,exterior,low Z,0.5754716981132075,0.5754716981132075,exterior,1.0,61.1,0.36499402628434885,interior,0.0
A,264,,GLN,CA,-2.0999999046325684,1.093000054359436,44.685001373291016,A:264 GLN,6,19,0.14765650324409765,-0.1087545796107193,9,10,0,8,14,0.4160161124542342,0.7147797779711905,interior,"high Z, high homog",0.13636363636363635,0.13636363636363635,interior,1.0,25.5,0.15232974910394265,interior,1.0
A,265,,LEU,CA,1.0740000009536743,3.1040000915527344,43.82099914550781,A:265 LEU,6,21,0.14765650324409765,0.21241851932476594,9,10,0,8,14,0.41920754138500105,0.8289973829266721,interior,"high Z, high homog",0.12804878048780488,0.12804878048780488,interior,1.0,21.0,0.12544802867383512,interior,1.0
A,266,,ALA,CA,1.2790000438690186,4.0289998054504395,47.54100036621094,A:266 ALA,6,13,0.14765650324409765,-1.072273876417175,8,10,0,8,14,0.4183212130292602,0.5109829954559602,intermediate,mixed signals,0.5660377358490566,0.5660377358490566,exterior,0.0,60.6,0.36200716845878134,interior,0.0
A,267,,GLN,CA,0.8849999904632568,0.3059999942779541,48.43199920654297,A:267 GLN,6,14,0.14765650324409765,-0.9116873269494324,7,10,0,8,14,0.4336631274564188,0.6783999316016871,interior,"high Z, high homog",0.20202020202020202,0.20202020202020202,interior,1.0,40.0,0.23894862604540024,interior,1.0
A,268,,MET,CA,3.687000036239624,-0.4830000102519989,45.96500015258789,A:268 MET,7,22,0.716954354640786,0.37300506879250855,9,9,0,8,14,0.6127460862129744,0.8297229442020653,interior,"high Z, high homog",0.0,0.0,interior,1.0,0.0,0.0,interior,1.0
A,269,,GLN,CA,5.941999912261963,1.8960000276565552,47.88999938964844,A:269 GLN,6,18,0.14765650324409765,-0.2693411290784619,8,10,0,8,14,0.4987865744787071,0.6363952668513235,interior,"high Z, high homog",0.22727272727272727,0.22727272727272727,interior,1.0,46.3,0.27658303464755074,interior,1.0
A,270,,GLN,CA,5.377999782562256,0.453000009059906,51.35499954223633,A:270 GLN,5,14,-0.42164134815259074,-0.9116873269494324,7,10,0,8,14,0.410454172971946,0.4637198393772298,intermediate,mixed signals,0.5303030303030303,0.5303030303030303,exterior,0.0,107.0,0.6391875746714456,exterior,0.0
A,271,,TRP,CA,9.022000312805176,-0.39399999380111694,52.07600021362305,A:271 TRP,6,16,0.14765650324409765,-0.5905142280139472,7,10,0,8,14,0.5632988351543535,0.5072531866250167,intermediate,mixed signals,0.32599118942731276,0.32599118942731276,interior,0.0,75.2,0.44922341696535245,interior,0.0
A,272,,THR,CA,10.291000366210938,-3.4590001106262207,53.82600021362305,A:272 THR,4,18,-0.9909391995492791,-0.2693411290784619,7,10,0,8,14,0.32300676710345877,0.5473456554825893,intermediate,mixed signals,0.22535211267605634,0.22535211267605634,interior,0.0,31.7,0.18936678614097968,interior,0.0
A,273,,THR,CA,13.937999725341797,-2.996000051498413,54.891998291015625,A:273 THR,4,14,-0.9909391995492791,-0.9116873269494324,7,10,0,8,14,0.49624793097125075,0.5627525463665155,intermediate,mixed signals,0.7816901408450704,0.7816901408450704,exterior,0.0,111.4,0.6654719235364397,exterior,0.0
A,274,,VAL,CA,16.448999404907227,-4.98799991607666,52.78499984741211,A:274 VAL,4,17,-0.9909391995492791,-0.42992767854620456,7,10,0,8,14,0.36763481250761987,0.6108077510026608,intermediate,mixed signals,0.2676056338028169,0.2676056338028169,interior,0.0,39.0,0.23297491039426524,interior,0.0
A,275,,ASN,CA,19.667999267578125,-3.509000062942505,54.27199935913086,A:275 ASN,5,10,-0.42164134815259074,-1.554033524820403,5,11,0,8,14,0.4100494381430364,0.3450066190056117,exterior,low Z,0.45222929936305734,0.45222929936305734,interior,0.0,70.1,0.41875746714456386,interior,0.0
A,276,,SER,CA,20.77400016784668,-0.07000000029802322,55.483001708984375,A:276 SER,3,8,-1.5602370509459675,-1.8752066237558882,3,11,0,8,14,0.23201843260202448,0.2390120246401548,exterior,low Z,0.9153846153846154,0.9153846153846154,exterior,1.0,117.9,0.7043010752688172,exterior,1.0
A,277,,THR,CA,20.437000274658203,1.6369999647140503,52.09299850463867,A:277 THR,4,12,-0.9909391995492791,-1.2328604258849176,5,10,0,8,14,0.6190461943778441,0.5912254131675292,interior,"high Z, high homog",0.49295774647887325,0.49295774647887325,interior,1.0,69.5,0.4151732377538829,interior,1.0
A,278,,GLN,CA,17.666000366210938,-0.3700000047683716,50.361000061035156,A:278 GLN,7,17,0.716954354640786,-0.42992767854620456,10,10,0,8,14,0.8391802783440858,0.7151892923315417,interior,"high Z, high homog",0.14646464646464646,0.14646464646464646,interior,1.0,28.3,0.16905615292712067,interior,1.0
A,279,,GLY,CA,14.008999824523926,-1.2200000286102295,50.69300079345703,A:279 GLY,8,20,1.2862522060374744,0.051831969857023326,10,9,0,8,14,0.8055044872506533,0.8754040557446523,interior,"high Z, high homog",0.0,0.0,interior,1.0,0.0,0.0,interior,1.0
A,280,,TYR,CA,11.654000282287598,-3.446000099182129,48.768001556396484,A:280 TYR,6,25,0.14765650324409765,0.8547647171957364,12,9,0,8,14,0.6205166548003482,0.8801350145668007,interior,"high Z, high homog",0.0,0.0,interior,1.0,0.0,0.0,interior,1.0
A,281,,GLY,CA,7.9679999351501465,-2.565000057220459,48.11399841308594,A:281 GLY,9,23,1.8555500574341628,0.5335916182602511,12,9,0,8,14,0.848562801080831,0.9552999374886315,interior,"high Z, high homog",0.0,0.0,interior,1.0,0.0,0.0,interior,1.0
A,282,,LEU,CA,5.671999931335449,-4.664000034332275,45.941001892089844,A:282 LEU,6,28,0.14765650324409765,1.3365243655989643,9,9,0,8,14,0.7107256223857665,0.9533411542962194,interior,"high Z, high homog",0.024390243902439025,0.024390243902439025,interior,1.0,4.2,0.025089605734767026,interior,1.0
A,283,,GLY,CA,7.949999809265137,-5.706999778747559,43.03099822998047,A:283 GLY,7,25,0.716954354640786,0.8547647171957364,8,9,0,8,14,0.8075032987875954,0.9045768760046251,interior,"high Z, high homog",0.0,0.0,interior,1.0,0.0,0.0,interior,1.0
A,284,,LEU,CA,9.878999710083008,-2.4070000648498535,43.4010009765625,A:284 LEU,8,24,1.2862522060374744,0.6941781677279938,11,8,0,8,14,0.8260741804522097,0.9145604834144874,interior,"high Z, high homog",0.0,0.0,interior,1.0,0.0,0.0,interior,1.0
A,285,,ARG,CA,13.223999977111816,-1.5199999809265137,44.95899963378906,A:285 ARG,7,24,0.716954354640786,0.6941781677279938,9,8,0,8,14,0.7761533032991101,0.8381064846154291,interior,"high Z, high homog",0.08870967741935484,0.08870967741935484,interior,1.0,23.7,0.14157706093189965,interior,1.0
A,286,,ARG,CA,14.255000114440918,1.6360000371932983,46.71099853515625,A:286 ARG,6,23,0.14765650324409765,0.5335916182602511,11,9,0,8,14,0.7764673075207135,0.9429266385356326,interior,"high Z, high homog",0.14919354838709678,0.14919354838709678,interior,1.0,38.5,0.22998805256869773,interior,1.0
A,287,,ARG,CA,17.981000900268555,2.5420000553131104,46.6870002746582,A:287 ARG,5,20,-0.42164134815259074,0.051831969857023326,10,9,0,8,14,0.5490376899727044,0.8502147505166995,interior,"high Z, high homog",0.20161290322580644,0.20161290322580644,interior,1.0,50.1,0.2992831541218638,interior,1.0
A,288,,ASP,CA,19.31999969482422,5.401000022888184,48.87300109863281,A:288 ASP,4,16,-0.9909391995492791,-0.5905142280139472,10,9,0,8,14,0.7706952890418914,0.7972984192319428,interior,"high Z, high homog",0.3006134969325153,0.3006134969325153,interior,1.0,48.9,0.2921146953405018,interior,1.0
A,289,,LEU,CA,22.131000518798828,7.302000045776367,47.23500061035156,A:289 LEU,6,16,0.14765650324409765,-0.5905142280139472,8,9,0,8,14,0.4459120593140494,0.7537962052554903,interior,"high Z, high homog",0.08536585365853659,0.08536585365853659,interior,1.0,14.3,0.08542413381123058,interior,1.0
A,290,,SER,CA,25.167999267578125,8.944999694824219,48.83700180053711,A:290 SER,3,12,-1.5602370509459675,-1.2328604258849176,4,10,0,8,14,0.2516436041175515,0.33605872640937073,exterior,low Z,0.7769230769230769,0.7769230769230769,exterior,1.0,100.5,0.600358422939068,exterior,1.0
A,291,,CYS,CA,23.797000885009766,12.45300006866455,48.25400161743164,A:291 CYS,5,12,-0.42164134815259074,-1.2328604258849176,5,10,0,8,14,0.4211024271920659,0.4833941952473184,intermediate,mixed signals,0.5111111111111111,0.5111111111111111,exterior,0.0,67.1,0.40083632019115883,interior,0.0
A,292,,GLY,CA,20.60700035095215,11.699999809265137,50.176998138427734,A:292 GLY,4,8,-0.9909391995492791,-1.8752066237558882,6,10,0,8,14,0.3187409058301338,0.32716722104863094,exterior,low Z,0.8690476190476191,0.8690476190476191,exterior,1.0,74.2,0.4432497013142174,interior,0.0
A,293,,ILE,CA,18.19099998474121,11.10099983215332,47.36000061035156,A:293 ILE,4,14,-0.9909391995492791,-0.9116873269494324,6,10,0,8,14,0.4212455719900551,0.5703433558691953,intermediate,mixed signals,0.16568047337278108,0.16568047337278108,interior,0.0,30.3,0.18100358422939067,interior,0.0
A,294,,SER,CA,16.33799934387207,7.791999816894531,46.99300003051758,A:294 SER,5,17,-0.42164134815259074,-0.42992767854620456,8,9,0,8,14,0.4854050200108919,0.6757021226279885,interior,"high Z, high homog",0.26153846153846155,0.26153846153846155,interior,1.0,33.9,0.2025089605734767,interior,1.0
A,295,,VAL,CA,15.569000244140625,6.239999771118164,43.569000244140625,A:295 VAL,7,24,0.716954354640786,0.6941781677279938,11,9,0,8,14,0.7314939037146622,0.8393357052781435,interior,"high Z, high homog",0.0,0.0,interior,1.0,0.0,0.0,interior,1.0
A,296,,TYR,CA,13.003999710083008,3.6019999980926514,42.72999954223633,A:296 TYR,6,27,0.14765650324409765,1.1759378161312217,12,8,0,8,14,0.6562628388279961,0.927877463247531,interior,"high Z, high homog",0.13513513513513514,0.13513513513513514,interior,1.0,29.5,0.17622461170848266,interior,1.0
A,297,,GLY,CA,13.074999809265137,0.8489999771118164,40.152000427246094,A:297 GLY,6,28,0.14765650324409765,1.3365243655989643,10,8,0,8,14,0.7376798421590095,0.8182898908885078,interior,"high Z, high homog",0.0,0.0,interior,1.0,0.0,0.0,interior,1.0
A,298,,HIS,CA,14.597999572753906,-2.5840001106262207,39.959999084472656,A:298 HIS,6,25,0.14765650324409765,0.8547647171957364,10,8,0,8,14,0.8708462629962216,0.8753059704759546,interior,"high Z, high homog",0.0,0.0,interior,1.0,0.0,0.0,interior,1.0
A,299,,THR,CA,17.893999099731445,-4.360000133514404,39.277000427246094,A:299 THR,5,24,-0.42164134815259074,0.6941781677279938,8,8,0,8,14,0.49545679893250505,0.6646583343762347,interior,"high Z, high homog",0.1619718309859155,0.1619718309859155,interior,1.0,23.9,0.14277180406212664,interior,1.0
A,300,,GLY,CA,17.945999145507812,-7.3420000076293945,36.93000030517578,A:300 GLY,8,20,1.2862522060374744,0.051831969857023326,11,8,0,8,14,0.7384817621348212,0.7325897026405479,interior,"high Z, high homog",0.023809523809523808,0.023809523809523808,interior,1.0,0.9,0.005376344086021505,interior,1.0
A,301,,THR,CA,20.138999938964844,-10.368000030517578,36.630001068115234,A:301 THR,6,19,0.14765650324409765,-0.1087545796107193,10,8,0,8,14,0.519140430631313,0.6343343143982298,interior,"high Z, high homog",0.4295774647887324,0.4295774647887324,interior,1.0,59.4,0.3548387096774193,interior,1.0
A,302,,VAL,CA,19.726999282836914,-13.145999908447266,34.03799819946289,A:302 VAL,4,24,-0.9909391995492791,0.6941781677279938,7,9,0,8,14,0.5949817570457296,0.682944371843186,interior,"high Z, high homog",0.028169014084507043,0.028169014084507043,interior,1.0,3.1,0.018518518518518517,interior,1.0
A,303,,GLN,CA,22.569000244140625,-15.175999641418457,32.49800109863281,A:303 GLN,6,26,0.14765650324409765,1.015351266663479,8,9,0,8,14,0.47479942918064466,0.7139525173466013,interior,"high Z, high homog",0.06565656565656566,0.06565656565656566,interior,1.0,13.0,0.07765830346475508,interior,1.0
A,304,,GLY,CA,24.847000122070312,-12.78499984741211,30.67300033569336,A:304 GLY,9,26,1.8555500574341628,1.015351266663479,11,10,0,8,14,0.7809321717513886,0.8579827013339094,interior,"high Z, high homog",0.0,0.0,interior,1.0,0.0,0.0,interior,1.0
A,305,,TYR,CA,23.08300018310547,-9.498000144958496,31.572999954223633,A:305 TYR,10,27,2.424847908830851,1.1759378161312217,13,9,0,8,14,0.6651153584542553,0.8987687967139096,interior,"high Z, high homog",0.0,0.0,interior,1.0,0.2,0.0011947431302270011,interior,1.0
A,306,,TYR,CA,23.1200008392334,-7.105999946594238,34.5359992980957,A:306 TYR,7,29,0.716954354640786,1.497110915066707,11,9,0,8,14,0.788576949304755,0.8730198721821839,interior,"high Z, high homog",0.04954954954954955,0.04954954954954955,interior,1.0,11.1,0.06630824372759857,interior,1.0
A,307,,THR,CA,20.541000366210938,-4.313000202178955,34.444000244140625,A:307 THR,7,30,0.716954354640786,1.6576974645344495,11,9,0,8,14,0.9065282059152006,0.9140339369690853,interior,"high Z, high homog",0.007042253521126761,0.007042253521126761,interior,1.0,1.5,0.008960573476702509,interior,1.0
A,308,,TYR,CA,19.89900016784668,-1.2489999532699585,36.67399978637695,A:308 TYR,5,26,-0.42164134815259074,1.015351266663479,9,8,0,8,14,0.6162455583326033,0.8571345273382612,interior,"high Z, high homog",0.02702702702702703,0.02702702702702703,interior,1.0,8.0,0.04778972520908004,interior,1.0
A,309,,ALA,CA,16.631000518798828,0.609000027179718,35.88100051879883,A:309 ALA,6,27,0.14765650324409765,1.1759378161312217,10,8,0,8,14,0.7177484907058237,0.8944574517276307,interior,"high Z, high homog",0.0,0.0,interior,1.0,0.2,0.0011947431302270011,interior,1.0
A,310,,PHE,CA,15.743000030517578,3.430999994277954,38.3380012512207,A:310 PHE,7,31,0.716954354640786,1.818284014002192,11,8,0,8,14,0.7620047475260169,0.8759315063740252,interior,"high Z, high homog",0.005076142131979695,0.005076142131979695,interior,1.0,0.7,0.004181600955794504,interior,1.0
A,311,,ALA,CA,13.805999755859375,6.714000225067139,38.40999984741211,A:311 ALA,7,32,0.716954354640786,1.9788705634699348,12,9,0,8,14,0.8157567232198641,0.8173571725312418,interior,"high Z, high homog",0.0,0.0,interior,1.0,0.0,0.0,interior,1.0
A,312,,SER,CA,13.390999794006348,9.67300033569336,40.72100067138672,A:312 SER,6,22,0.14765650324409765,0.37300506879250855,9,9,0,8,14,0.6521224110349008,0.7597880456600211,interior,"high Z, high homog",0.038461538461538464,0.038461538461538464,interior,1.0,4.8,0.028673835125448025,interior,1.0
A,313,,LYS,CA,10.329999923706055,9.883999824523926,42.94499969482422,A:313 LYS,3,19,-1.5602370509459675,-0.1087545796107193,7,9,0,8,14,0.2315762841652088,0.42995100551343923,exterior,low Z,0.6390243902439025,0.6390243902439025,exterior,1.0,132.3,0.7903225806451614,exterior,1.0
A,314,,ASP,CA,8.371999740600586,11.935999870300293,40.42900085449219,A:314 ASP,6,16,0.14765650324409765,-0.5905142280139472,6,10,0,8,14,0.45311807200945053,0.34133371138976476,intermediate,mixed signals,0.3374233128834356,0.3374233128834356,interior,0.0,55.5,0.3315412186379928,interior,0.0
A,315,,GLY,CA,9.581000328063965,10.059000015258789,37.38399887084961,A:315 GLY,9,23,1.8555500574341628,0.5335916182602511,12,9,0,8,14,0.7772379957815896,0.679472521161717,interior,"high Z, high homog",0.011904761904761904,0.011904761904761904,interior,1.0,6.9,0.04121863799283154,interior,1.0
A,316,,LYS,CA,11.223999977111816,13.157999992370605,35.84199905395508,A:316 LYS,4,19,-0.9909391995492791,-0.1087545796107193,8,9,0,8,14,0.7220059192360693,0.6043229283308302,interior,"high Z, high homog",0.5756097560975609,0.5756097560975609,exterior,0.0,119.6,0.7144563918757466,exterior,0.0
A,317,,ARG,CA,14.675000190734863,11.53499984741211,35.66899871826172,A:317 ARG,8,25,1.2862522060374744,0.8547647171957364,9,9,0,8,14,0.741731547628582,0.8555187130802758,interior,"high Z, high homog",0.03225806451612903,0.03225806451612903,interior,1.0,7.4,0.04420549581839905,interior,1.0
A,318,,SER,CA,15.107000350952148,7.855999946594238,34.724998474121094,A:318 SER,7,33,0.716954354640786,2.1394571129376776,14,9,0,8,14,0.8082497683595624,0.8631923683413316,interior,"high Z, high homog",0.0,0.0,interior,1.0,0.2,0.0011947431302270011,interior,1.0
A,319,,VAL,CA,18.250999450683594,5.809000015258789,34.07699966430664,A:319 VAL,7,30,0.716954354640786,1.6576974645344495,11,9,0,8,14,0.6813519978633631,0.8747813795702274,interior,"high Z, high homog",0.007042253521126761,0.007042253521126761,interior,1.0,0.4,0.0023894862604540022,interior,1.0
A,320,,THR,CA,18.849000930786133,2.4040000438690186,32.58300018310547,A:320 THR,7,29,0.716954354640786,1.497110915066707,13,9,0,8,14,0.8079990155757417,0.8986256304533364,interior,"high Z, high homog",0.0,0.0,interior,1.0,0.2,0.0011947431302270011,interior,1.0
A,321,,ALA,CA,22.35099983215332,0.8709999918937683,32.638999938964844,A:321 ALA,6,29,0.14765650324409765,1.497110915066707,9,9,0,8,14,0.7770158095137359,0.905740617559122,interior,"high Z, high homog",0.0,0.0,interior,1.0,0.4,0.0023894862604540022,interior,1.0
A,322,,LEU,CA,23.288999557495117,-2.5320000648498535,31.152000427246094,A:322 LEU,6,30,0.14765650324409765,1.6576974645344495,11,9,0,8,14,0.736696357417207,0.969842457638896,interior,"high Z, high homog",0.0,0.0,interior,1.0,0.0,0.0,interior,1.0
A,323,,ALA,CA,26.481000900268555,-4.614999771118164,31.243000030517578,A:323 ALA,7,33,0.716954354640786,2.1394571129376776,10,10,0,8,14,0.6842296807164965,0.8676212987923095,interior,"high Z, high homog",0.0,0.0,interior,1.0,0.0,0.0,interior,1.0
A,324,,ASN,CA,26.391000747680664,-7.749000072479248,29.02400016784668,A:324 ASN,6,32,0.14765650324409765,1.9788705634699348,14,10,0,8,14,0.6902745140486717,0.9438827299926774,interior,"high Z, high homog",0.0,0.0,interior,1.0,0.0,0.0,interior,1.0
A,325,,THR,CA,27.875,-10.13599967956543,31.52899932861328,A:325 THR,9,31,1.8555500574341628,1.818284014002192,11,10,0,8,14,0.6667003765686814,0.9247282329283129,interior,"high Z, high homog",0.0,0.0,interior,1.0,0.0,0.0,interior,1.0
A,326,,SER,CA,26.60700035095215,-11.78499984741211,34.75299835205078,A:326 SER,8,26,1.2862522060374744,1.015351266663479,11,9,0,8,14,0.7314879431151328,0.8129565028754431,interior,"high Z, high homog",0.038461538461538464,0.038461538461538464,interior,1.0,5.0,0.02986857825567503,interior,1.0
A,327,,ASN,CA,28.224000930786133,-13.753999710083008,37.608001708984375,A:327 ASN,3,20,-1.5602370509459675,0.051831969857023326,5,10,0,8,14,0.37803449566056,0.6196944452532467,exterior,low Z,0.35668789808917195,0.35668789808917195,interior,0.0,55.1,0.3291517323775388,interior,0.0
A,328,,ASN,CA,30.86199951171875,-11.043999671936035,38.012001037597656,A:328 ASN,5,18,-0.42164134815259074,-0.2693411290784619,7,10,0,8,14,0.6124331761914824,0.6595568705726528,interior,"high Z, high homog",0.15286624203821655,0.15286624203821655,interior,1.0,24.3,0.14516129032258066,interior,1.0
A,329,,VAL,CA,30.35700035095215,-9.204000473022461,41.27299880981445,A:329 VAL,4,10,-0.9909391995492791,-1.554033524820403,6,11,0,8,14,0.30680443493233167,0.3932103532059963,exterior,low Z,0.676056338028169,0.676056338028169,exterior,1.0,96.1,0.5740740740740741,exterior,1.0
A,330,,ASN,CA,32.97100067138672,-6.571000099182129,40.43000030517578,A:330 ASN,5,15,-0.42164134815259074,-0.7511007774816898,7,11,0,8,14,0.3090508534307653,0.44259235441759426,intermediate,mixed signals,0.5859872611464968,0.5859872611464968,exterior,0.0,91.6,0.5471923536439665,exterior,0.0
A,331,,VAL,CA,30.98900032043457,-5.585999965667725,37.316001892089844,A:331 VAL,8,24,1.2862522060374744,0.6941781677279938,11,11,0,8,14,0.6863465290949712,0.7667366800676148,interior,"high Z, high homog",0.0,0.0,interior,1.0,0.0,0.0,interior,1.0
A,332,,LEU,CA,27.683000564575195,-5.679999828338623,39.26599884033203,A:332 LEU,6,23,0.14765650324409765,0.5335916182602511,9,10,0,8,14,0.39476905852350685,0.6778306235395357,interior,high Z,0.2621951219512195,0.2621951219512195,interior,1.0,42.9,0.25627240143369173,interior,1.0
A,333,,ASN,CA,29.091999053955078,-3.3359999656677246,41.972999572753906,A:333 ASN,6,11,0.14765650324409765,-1.3934469753526604,7,11,0,8,14,0.39921338642160464,0.4766668442647528,intermediate,mixed signals,0.6751592356687898,0.6751592356687898,exterior,0.0,105.5,0.6302270011947431,exterior,0.0
A,334,,THR,CA,30.74799919128418,-0.9750000238418579,39.5099983215332,A:334 THR,6,18,0.14765650324409765,-0.2693411290784619,9,11,0,8,14,0.42267613273021243,0.6186502304515347,intermediate,mixed signals,0.08450704225352113,0.08450704225352113,interior,0.0,11.1,0.06630824372759857,interior,0.0
A,335,,MET,CA,27.523000717163086,-0.6650000214576721,37.41400146484375,A:335 MET,6,25,0.14765650324409765,0.8547647171957364,9,11,0,8,14,0.47327235574771487,0.8565653957530145,interior,"high Z, high homog",0.005319148936170213,0.005319148936170213,interior,1.0,0.4,0.0023894862604540022,interior,1.0
A,336,,ALA,CA,25.597000122070312,0.47699999809265137,40.487998962402344,A:336 ALA,6,16,0.14765650324409765,-0.5905142280139472,7,11,0,8,14,0.5032696046014564,0.6506196543660538,interior,"high Z, high homog",0.14150943396226415,0.14150943396226415,interior,1.0,14.4,0.08602150537634408,interior,1.0
A,337,,ARG,CA,27.768999099731445,3.618000030517578,40.41699981689453,A:337 ARG,6,18,0.14765650324409765,-0.2693411290784619,8,11,0,8,14,0.5720159342455415,0.6402128888274768,interior,"high Z, high homog",0.47580645161290325,0.47580645161290325,interior,1.0,117.1,0.6995221027479092,exterior,0.0
A,338,,THR,CA,25.854000091552734,4.763000011444092,37.32600021362305,A:338 THR,8,30,1.2862522060374744,1.6576974645344495,9,11,0,8,14,0.6616643657002887,0.8118280378370208,interior,"high Z, high homog",0.0,0.0,interior,1.0,0.0,0.0,interior,1.0
A,339,,LEU,CA,23.065000534057617,5.730999946594238,39.75899887084961,A:339 LEU,7,27,0.716954354640786,1.1759378161312217,7,11,0,8,14,0.5027354368791719,0.8343769678096555,interior,"high Z, high homog",0.006097560975609756,0.006097560975609756,interior,1.0,1.0,0.005973715651135005,interior,1.0
A,340,,GLU,CA,25.378999710083008,7.953000068664551,41.75600051879883,A:340 GLU,7,21,0.716954354640786,0.21241851932476594,9,10,0,8,14,0.48402543623371375,0.7751410024704009,interior,"high Z, high homog",0.27319587628865977,0.27319587628865977,interior,1.0,54.8,0.3273596176821983,interior,1.0
A,341,,SER,CA,26.676000595092773,9.729999542236328,38.638999938964844,A:341 SER,11,22,2.9941457602275396,0.37300506879250855,13,11,0,8,14,0.7394513584435117,0.8466487270446261,interior,"high Z, high homog",0.12307692307692308,0.12307692307692308,interior,1.0,15.2,0.09080047789725208,interior,1.0
A,342,,ALA,CA,23.218000411987305,10.083999633789062,37.01599884033203,A:342 ALA,8,27,1.2862522060374744,1.1759378161312217,10,11,0,8,14,0.5402320095728967,0.9071499131662235,interior,"high Z, high homog",0.0,0.0,interior,1.0,0.0,0.0,interior,1.0
A,343,,PHE,CA,21.333999633789062,11.28600025177002,40.117000579833984,A:343 PHE,7,27,0.716954354640786,1.1759378161312217,9,11,0,8,14,0.344513891062013,0.9049925673631591,interior,"high Z, high homog",0.0,0.0,interior,1.0,0.0,0.0,interior,1.0
A,344,,CYS,CA,23.92799949645996,12.788000106811523,42.494998931884766,A:344 CYS,5,19,-0.42164134815259074,-0.1087545796107193,9,11,0,8,14,0.5944386432656381,0.7900897305924576,interior,"high Z, high homog",0.14074074074074075,0.14074074074074075,interior,1.0,17.3,0.1033452807646356,interior,1.0
A,345,,GLY,CA,26.090999603271484,14.357000350952148,39.75899887084961,A:345 GLY,9,19,1.8555500574341628,-0.1087545796107193,11,11,0,8,14,0.6302275405913041,0.6552952952261331,interior,"high Z, high homog",0.08333333333333333,0.08333333333333333,interior,1.0,7.9,0.047192353643966546,interior,1.0
A,346,,LYS,CA,29.66699981689453,15.508000373840332,40.07899856567383,A:346 LYS,3,14,-1.5602370509459675,-0.9116873269494324,5,12,0,8,14,0.5973843526207212,0.3642720327862322,exterior,low Z,0.6634146341463415,0.6634146341463415,exterior,1.0,138.1,0.8249701314217442,exterior,1.0
A,347,,PRO,CA,31.184999465942383,15.0,43.49800109863281,A:347 PRO,1,8,-2.698832753739344,-1.8752066237558882,2,12,0,8,14,,0.21050077171556603,exterior,low Z,1.0,1.0,exterior,1.0,167.4,1.0,exterior,1.0
