res_id,res_num,dssp_asa,dssp_class,stride_asa,stride_class,ncps_sphere_6,ncps_sphere_6_uni,ncps_sphere_10,ncps_sphere_10_uni,ncps_class,dssp_ss,stride_ss
SER,-1,95.3846153846154,1,130.25090893991617,1.0,1,,7,0.220713286725713,1,-,-
SER,0,23.07692307692308,0,33.40508247318607,1.0,4,0.4315639667200892,7,0.262284941315103,1,-,-
PRO,1,73.52941176470588,1,95.67920231800483,1.0,4,0.2762421651562535,8,0.268522255644858,1,H,H
GLU,2,52.0618556701031,1,95.15909280464712,1.0,5,0.3114169955500878,13,0.5710459865390782,1,H,H
GLU,3,32.98969072164948,1,58.40346406729569,1.0,6,0.4103314262428819,14,0.702529992869537,0,H,H
GLU,4,36.08247422680412,1,73.8660815153699,1.0,6,0.4225302132639962,11,0.6259050992299209,1,H,H
LYS,5,57.073170731707314,1,116.04037952711548,1.0,6,0.407698871177798,12,0.5694025092632569,1,H,H
LEU,6,0.0,0,0.0,0.0,7,0.4727072360800493,22,0.9240771815712432,0,H,H
LYS,7,37.073170731707314,1,76.19714326433353,1.0,6,0.4138080730859634,17,0.6987245074041918,0,H,H
GLU,8,62.37113402061856,1,116.72444247787871,1.0,6,0.4016624477899364,11,0.5208225416254418,1,H,H
LEU,9,16.463414634146343,0,30.05453620902071,1.0,7,0.4594239295623752,17,0.7650663126377955,0,H,H
LEU,10,4.878048780487805,0,10.868653944359247,0.0,7,0.4893480784368681,18,0.8207095860840052,0,H,H
LYS,11,55.1219512195122,1,113.42343284667515,1.0,6,0.4042183016178173,12,0.5148113206998925,1,H,H
GLU,12,44.84536082474227,1,83.10494002289984,1.0,6,0.4224782745425616,14,0.5805041690294268,1,H,H
LEU,13,0.6097560975609756,0,1.2076282160399163,0.0,7,0.4859281147317228,22,0.9173066147408876,0,H,H
LYS,14,43.90243902439025,1,72.65938321075545,1.0,6,0.4077644887645842,15,0.6201321654721754,0,H,H
LYS,15,50.73170731707317,1,104.37854883594848,1.0,6,0.4100454229237903,12,0.501207067460119,1,H,H
VAL,16,4.225352112676056,0,9.66102572831933,0.0,7,0.4655790387805759,17,0.8137895775973512,0,H,H
LEU,17,4.2682926829268295,0,8.453397512279414,0.0,6,0.4071488885740422,20,0.8284443084920401,0,H,H
ASP,18,49.693251533742334,1,71.53331074000273,1.0,6,0.4016510211052214,12,0.5316571196087092,1,H,H
ARG,19,43.14516129032258,1,111.50517637239325,1.0,6,0.4073409485397092,14,0.5664741944781194,1,H,H
LEU,20,0.0,0,1.2076282160399163,0.0,7,0.5009850682945107,22,0.928965664121742,0,H,H
LYS,21,46.34146341463415,1,86.4258170860447,1.0,6,0.4188976794174084,17,0.6353198506769784,0,H,H
LYS,22,59.02439024390244,1,122.83338249011962,1.0,6,0.4213045001871672,13,0.5238122071250617,1,H,H
ILE,23,1.183431952662722,0,4.830512864159665,0.0,7,0.4916031420983539,17,0.8269429957912784,0,H,H
LEU,24,4.2682926829268295,0,11.940112968421968,0.0,7,0.4529056943785109,21,0.8478574074758654,0,H,H
GLU,25,64.94845360824742,1,119.04778847528513,1.0,7,0.4627707039959721,13,0.5651226949158239,1,H,H
ARG,26,26.20967741935484,0,67.10208173574371,1.0,6,0.3949119824552846,13,0.5656753095433033,1,H,H
ASN,27,1.2738853503184715,0,3.3948050214691308,0.0,7,0.4470709362356909,19,0.8835202304219518,0,H,H
ASP,28,15.950920245398772,0,32.27993991385881,1.0,7,0.4559646173556434,16,0.7677528274056657,0,H,H
GLU,29,63.4020618556701,1,119.66648116611248,1.0,7,0.4710788341298219,10,0.5129518245606891,1,H,H
GLU,30,43.81443298969072,1,92.4357089651032,1.0,6,0.3943669186975307,14,0.6262737642230425,0,H,H
ILE,31,5.9171597633136095,0,13.147741184461884,0.0,5,0.3512320780617207,19,0.9161602813787096,1,H,H
LYS,32,69.7560975609756,1,141.82433521381114,1.0,5,0.4410879226977098,11,0.5071893373035891,1,T,T
LYS,33,70.73170731707317,1,136.92319934679875,1.0,4,0.3389142631291202,9,0.46490619413895,1,T,T
SER,34,43.07692307692308,1,54.13552248279966,1.0,3,0.6321513254000696,11,0.5529578231329904,1,-,-
ASP,35,79.14110429447852,1,119.59670011009096,1.0,2,,11,0.4548199517656738,1,S,S
GLU,36,79.38144329896907,1,149.57542340519524,1.0,2,,13,0.5112782938334792,1,-,-
LEU,37,11.585365853658535,0,18.527165683427373,0.0,2,,19,0.7245625841861383,1,-,-
ASP,38,55.21472392638037,1,90.52774434835443,1.0,4,0.4798250348469636,10,0.491717961279525,1,-,-
ASP,39,25.15337423312884,0,45.0191735223891,1.0,6,0.7345548144149783,16,0.7267883211883153,0,H,H
GLU,40,35.56701030927835,1,68.47723223844365,1.0,5,0.3131788108815846,17,0.6096598541374333,1,H,H
SER,41,28.46153846153846,0,41.43207789777905,1.0,6,0.3957112955213215,13,0.5441099778271916,1,H,H
LEU,42,4.878048780487805,0,14.3553694005018,0.0,6,0.4105712109391516,17,0.8602883352239512,0,H,H
LEU,43,0.0,0,2.4152564320798326,0.0,6,0.4009467387244612,21,0.9295547212907066,0,H,H
GLU,44,33.50515463917525,1,61.635735651238704,1.0,6,0.4294294938456457,14,0.6152574376972284,0,H,H
ASP,45,14.11042944785276,0,30.409360249687758,1.0,6,0.3992895213201183,17,0.8313516464790155,0,H,H
ILE,46,0.591715976331361,0,0.0,0.0,6,0.4302936854276944,20,0.8357128864009322,0,H,H
VAL,47,10.56338028169014,0,18.114423240598747,0.0,6,0.4199304820451429,18,0.8382586480710801,0,H,H
GLU,48,29.89690721649485,0,58.69369696300494,1.0,6,0.3971751676722947,15,0.5665246755508014,1,H,H
LEU,49,0.6097560975609756,0,3.622884648119749,0.0,6,0.4144385338282522,19,0.8650018204009353,0,H,H
LEU,50,0.0,0,0.0,0.0,6,0.4234152389509356,19,0.8970267962628601,0,H,H
LYS,51,48.29268292682927,1,98.4765769477261,1.0,6,0.4120619850942076,14,0.5862706944805276,1,H,H
GLU,52,2.061855670103093,0,4.285836096250882,0.0,6,0.3962340425622709,17,0.7888867934831651,0,H,H
ILE,53,0.0,0,2.4152564320798326,0.0,6,0.4181092870471047,18,0.7592262694821379,0,H,H
ILE,54,7.6923076923076925,0,14.491538592478996,0.0,6,0.4103132055562196,17,0.856369339541175,0,H,H
LYS,55,40.487804878048784,1,91.09379651267824,1.0,6,0.4110998077546441,14,0.5756260515138298,1,H,H
LEU,56,0.6097560975609756,0,1.2076282160399163,0.0,6,0.428751854572762,21,0.9055205664531164,0,H,H
TRP,57,0.0,0,1.2076282160399163,0.0,6,0.4180130811385864,20,0.8539873392396476,0,H,H
LYS,58,44.39024390243903,1,87.40536567543398,1.0,6,0.4236534583166896,16,0.6361766370922732,0,H,H
ILE,59,10.650887573964498,0,18.114423240598747,0.0,7,0.4730859605561334,16,0.838297551170132,0,H,H
LEU,60,0.0,0,1.2076282160399163,0.0,6,0.4212696958974959,21,0.8748595140531239,0,H,H
VAL,61,9.15492957746479,0,20.393510480701384,0.0,7,0.5949701642243033,18,0.8718319271664683,0,H,H
GLU,62,47.93814432989691,1,86.16101852445891,1.0,6,0.4093779150790095,13,0.5782115398277845,1,H,H
LEU,63,0.0,0,0.0,0.0,7,0.4916053965714666,21,0.9657064907967422,0,H,H
SER,64,0.0,0,2.279087240102637,0.0,6,0.4171882172294483,20,0.9686594128138276,0,H,H
ASP,65,52.14723926380368,1,80.2811760148884,1.0,6,0.4128055342884595,15,0.627892887535711,0,H,H
ILE,66,6.508875739644971,0,13.28391037643908,0.0,6,0.4135405217847928,17,0.7953957043635578,0,H,H
LEU,67,1.2195121951219512,0,4.830512864159665,0.0,6,0.4310111826767476,17,0.8669250596344348,0,H,H
LEU,68,4.2682926829268295,0,15.290659232587323,0.0,7,0.4727226344331806,16,0.8455504565787754,0,H,H
LYS,69,68.29268292682927,1,135.5104628295913,1.0,6,0.3963219317131393,11,0.4760144353916173,1,H,H
LEU,70,32.31707317073171,1,62.606814506833906,1.0,5,0.3018671237774807,12,0.6224275965334961,1,H,H
ILE,71,17.75147928994083,0,28.82901348122595,1.0,4,0.2324281692556341,14,0.6385362868790112,1,H,H
SER,72,80.0,1,102.38696758913176,1.0,4,0.1957951591200137,12,0.4350513916826219,1,-,-
SER,-1,100.0,1,130.25090893991617,1.0,1,,5,0.0925965146507376,1,-,-
SER,0,34.61538461538461,1,33.40508247318607,1.0,4,0.4521273036183443,7,0.2760347622345083,1,-,-
PRO,1,55.88235294117647,1,95.67920231800483,1.0,4,0.2823904478292758,11,0.4897123721809869,1,H,H
VAL,2,11.971830985915492,0,95.15909280464712,1.0,5,0.3085945408368454,17,0.803925923490336,1,H,H
ASP,3,49.693251533742334,1,58.40346406729569,1.0,6,0.433465255269802,11,0.5338076482422041,1,H,H
GLU,4,51.546391752577314,1,73.8660815153699,1.0,6,0.416935977951807,11,0.6094081430687615,1,H,H
ILE,5,1.183431952662722,0,116.04037952711548,1.0,6,0.4291139915785502,19,0.8097178281562193,0,H,H
ASP,6,25.76687116564417,0,0.0,0.0,6,0.4095478461555238,18,0.7175751459267781,0,H,H
LYS,7,69.26829268292683,1,76.19714326433353,1.0,6,0.4150085535500087,12,0.5408253342480576,1,H,H
GLU,8,27.83505154639176,0,116.72444247787871,1.0,6,0.4316714102281689,14,0.6495749068797108,0,H,H
VAL,9,0.0,0,30.05453620902071,1.0,7,0.4915825451249844,19,0.9170346383028684,0,H,H
LYS,10,41.46341463414634,1,10.868653944359247,0.0,6,0.4073802254642944,13,0.5658856428826426,1,H,H
LYS,11,43.41463414634146,1,113.42343284667515,1.0,6,0.4066581263584813,12,0.4892467376553679,1,H,H
LEU,12,0.0,0,83.10494002289984,1.0,6,0.4257688018010298,19,0.7841652151582889,0,H,H
GLU,13,30.412371134020617,1,1.2076282160399163,0.0,7,0.4981688475039818,18,0.7515365908295318,0,H,H
GLU,14,59.27835051546392,1,72.65938321075545,1.0,6,0.4284521359362904,11,0.5352025372623894,1,H,H
GLU,15,27.83505154639176,0,104.37854883594848,1.0,7,0.4866933829865421,14,0.6348482911632596,0,H,H
ALA,16,12.264150943396226,0,9.66102572831933,0.0,6,0.4310578390057344,20,0.9161450699860408,0,H,H
LYS,17,56.09756097560976,1,8.453397512279414,0.0,6,0.4043827254321296,14,0.5454400392807602,1,H,H
LYS,18,60.48780487804878,1,71.53331074000273,1.0,6,0.4110639184596915,13,0.5212329859992575,1,H,H
SER,19,7.6923076923076925,0,111.50517637239325,1.0,7,0.4857661133346854,19,0.8295125104343318,0,H,H
GLN,20,31.313131313131315,1,1.2076282160399163,0.0,6,0.4185036096443979,19,0.7136030100912016,0,H,H
GLU,21,36.597938144329895,1,86.4258170860447,1.0,6,0.4158222852500632,11,0.5280378271307427,1,H,H
GLU,22,32.98969072164948,1,122.83338249011962,1.0,6,0.4209489506569319,13,0.5753816027837142,1,H,H
VAL,23,1.4084507042253522,0,4.830512864159665,0.0,6,0.4405286824312885,20,0.9373583619199554,0,H,H
GLU,24,37.628865979381445,1,11.940112968421968,0.0,6,0.4220690342851133,13,0.5604727536232155,1,H,H
ARG,25,62.5,1,119.04778847528513,1.0,6,0.4004274914448066,11,0.5112622137963314,1,H,H
LEU,26,4.2682926829268295,0,67.10208173574371,1.0,6,0.4391696265147153,17,0.8328180487228017,0,H,H
LYS,27,44.39024390243903,1,3.3948050214691308,0.0,6,0.4122069824126817,14,0.6937080068873995,0,H,H
GLN,28,73.23232323232324,1,32.27993991385881,1.0,6,0.4031521625639558,11,0.5161857305648898,1,H,H
GLU,29,34.5360824742268,1,119.66648116611248,1.0,6,0.4108916565084359,15,0.5903214229954903,1,H,H
VAL,30,9.15492957746479,0,92.4357089651032,1.0,7,0.4701918950996134,19,0.9215941037954892,0,H,H
GLU,31,53.608247422680414,1,13.147741184461884,0.0,6,0.4043610055407309,10,0.5350467692752703,1,H,H
LYS,32,80.97560975609757,1,141.82433521381114,1.0,6,0.3963747344158181,10,0.4956461403132038,1,H,H
ALA,33,16.9811320754717,0,136.92319934679875,1.0,6,0.4225039989103621,14,0.8234803126593375,0,H,H
SER,34,63.07692307692307,1,54.13552248279966,1.0,6,0.3848487712740528,13,0.5713817093217048,1,H,H
LYS,35,70.24390243902438,1,119.59670011009096,1.0,4,0.2731896692803663,9,0.325315605294898,1,T,T
ALA,36,50.943396226415096,1,149.57542340519524,1.0,5,0.48566597483005,9,0.4474092055308591,1,S,S
GLY,37,100.0,1,18.527165683427373,0.0,2,,9,0.3508169165083062,1,-,-
LEU,38,44.51219512195122,1,90.52774434835443,1.0,4,0.9188624488781054,12,0.6213372308453359,1,-,-
ASP,39,63.80368098159509,1,45.0191735223891,1.0,4,0.3987779361034125,9,0.4075027657163493,1,-,-
HIS,40,40.21739130434783,1,68.47723223844365,1.0,4,0.2633678409484316,15,0.5195368885252722,1,H,H
GLU,41,73.71134020618557,1,41.43207789777905,1.0,5,0.3320612891762881,13,0.5381659422257946,1,H,H
GLY,42,11.904761904761903,0,14.3553694005018,0.0,7,0.5339463687405739,12,0.6513315507025086,0,H,H
ASP,43,11.042944785276074,0,2.4152564320798326,0.0,6,0.4106698678619439,21,0.9015709164770668,0,H,H
SER,44,3.076923076923077,0,61.635735651238704,1.0,6,0.4458524512792376,20,0.8725561133744469,0,H,H
ARG,45,69.35483870967742,1,30.409360249687758,1.0,6,0.3938705147105756,15,0.5854431703597924,1,H,H
ILE,46,7.6923076923076925,0,0.0,0.0,6,0.4148825333229996,19,0.8114061131123795,0,H,H
PHE,47,0.5076142131979695,0,18.114423240598747,0.0,7,0.4675176235003525,22,0.940721887879786,0,H,H
LYS,48,26.82926829268293,0,58.69369696300494,1.0,6,0.4121047742515599,17,0.8234865141483219,0,H,H
LYS,49,45.36585365853659,1,3.622884648119749,0.0,6,0.4022809312284865,14,0.6122889200491144,0,H,H
ILE,50,0.0,0,0.0,0.0,6,0.4150488480005697,21,0.9658859509444112,0,H,H
HIS,51,1.6304347826086956,0,98.4765769477261,1.0,7,0.4918867214139517,19,0.8978406256779935,0,H,H
ASP,52,46.62576687116564,1,4.285836096250882,0.0,6,0.4074425284138031,11,0.5984470834642748,1,H,H
VAL,53,4.929577464788732,0,2.4152564320798326,0.0,6,0.4005824864792975,20,0.7599011878706571,0,H,H
VAL,54,1.4084507042253522,0,14.491538592478996,0.0,6,0.3995812092529031,19,0.880085602061889,0,H,H
THR,55,5.633802816901409,0,91.09379651267824,1.0,6,0.4118594253355225,17,0.9099907790016376,0,H,H
LYS,56,57.073170731707314,1,1.2076282160399163,0.0,6,0.4061710335467798,14,0.5861504290144287,1,H,H
GLN,57,0.0,0,1.2076282160399163,0.0,6,0.4211889572275109,23,0.8757246682913673,0,H,H
ILE,58,0.591715976331361,0,87.40536567543398,1.0,6,0.4282584140015175,21,0.881265388997121,0,H,H
LYS,59,48.29268292682927,1,18.114423240598747,0.0,6,0.4381613964656891,15,0.7118000590708597,0,H,H
VAL,60,6.338028169014084,0,1.2076282160399163,0.0,6,0.4132280391482904,16,0.8159034278428565,0,H,H
ILE,61,0.591715976331361,0,20.393510480701384,0.0,6,0.4283326205602589,21,0.8121635320644928,0,H,H
ILE,62,2.9585798816568047,0,86.16101852445891,1.0,6,0.4275713898174249,18,0.899269437641246,0,H,H
ARG,63,34.274193548387096,1,0.0,0.0,6,0.411167848652427,15,0.6226140748131413,0,H,H
LEU,64,0.0,0,2.279087240102637,0.0,6,0.4152457151982491,22,0.9264426751907022,0,H,H
ILE,65,0.0,0,80.2811760148884,1.0,7,0.4860809074380831,21,0.9203526202281688,0,H,H
GLU,66,38.144329896907216,1,13.28391037643908,0.0,6,0.4022059487945686,14,0.6635111721991653,0,H,H
VAL,67,2.8169014084507045,0,4.830512864159665,0.0,6,0.411563282190528,18,0.766359735650415,0,H,H
TYR,68,0.0,0,15.290659232587323,0.0,6,0.4343179271742304,21,0.8406243946992284,0,H,H
VAL,69,3.5211267605633805,0,135.5104628295913,1.0,7,0.4837577677206032,18,0.8562084301505578,0,H,H
ARG,70,42.33870967741936,1,62.606814506833906,1.0,6,0.4334787224578224,15,0.645625012653659,0,H,H
LEU,71,1.2195121951219512,0,28.82901348122595,1.0,6,0.4193151299004501,20,0.9111090689307204,0,H,H
VAL,72,0.7042253521126761,0,102.38696758913176,1.0,6,0.414092201013417,20,0.8519767995122436,0,H,H
GLU,73,42.78350515463917,1,,,6,0.4493745824876388,12,0.5943070207309509,1,H,H
ILE,74,36.68639053254438,1,,,5,0.3494663961262845,11,0.5613174179290631,1,H,H
ILE,75,33.13609467455622,1,,,4,0.2506447468066055,11,0.5500400326276789,1,H,H
LEU,76,62.80487804878049,1,,,3,0.1610210643874647,11,0.5310752603347599,1,-,-
SER,0,74.61538461538461,1,33.40508247318607,1.0,3,0.1381192708323928,8,0.2631610883604147,1,-,-
LYS,1,45.36585365853659,1,95.67920231800483,1.0,5,0.5009484747552178,15,0.5708218115216848,1,H,H
GLN,2,0.5050505050505051,0,95.15909280464712,1.0,6,0.4761741922391205,18,0.8232615915628467,0,H,H
LYS,3,58.53658536585365,1,58.40346406729569,1.0,6,0.4229022398193335,15,0.6581988832977288,0,H,H
GLU,4,38.659793814432994,1,73.8660815153699,1.0,6,0.4510122751545784,13,0.6253472102183534,0,H,H
ALA,5,0.9433962264150944,0,116.04037952711548,1.0,6,0.4195113058266604,19,0.9259091587536292,0,H,H
ILE,6,11.242603550295858,0,0.0,0.0,6,0.4446633327533804,19,0.8676119094107692,0,H,H
LYS,7,58.04878048780488,1,76.19714326433353,1.0,6,0.4192976364132058,12,0.5207396565770297,1,H,H
VAL,8,0.0,0,116.72444247787871,1.0,6,0.4265565836412532,16,0.885177355913437,0,H,H
TYR,9,1.8018018018018016,0,30.05453620902071,1.0,6,0.4220822033487762,18,0.8892912817277759,0,H,H
LEU,10,32.31707317073171,1,10.868653944359247,0.0,6,0.4154016092327223,20,0.6958127775856715,0,H,H
GLU,11,23.1958762886598,0,113.42343284667515,1.0,6,0.4200933123693277,14,0.6520778478719096,0,H,H
LEU,12,0.0,0,83.10494002289984,1.0,7,0.5183955409057589,19,0.904086374082618,0,H,H
LEU,13,1.2195121951219512,0,1.2076282160399163,0.0,6,0.4101248721335979,22,0.8639215131239758,0,H,H
GLU,14,52.57731958762887,1,72.65938321075545,1.0,6,0.3742534229350814,12,0.5481272104253039,1,H,H
VAL,15,3.5211267605633805,0,104.37854883594848,1.0,6,0.4180001628685204,15,0.8122118459574967,0,H,H
HIS,16,0.0,0,9.66102572831933,0.0,7,0.5077096394892905,19,0.8522662291908749,0,H,H
SER,17,15.384615384615383,0,8.453397512279414,0.0,6,0.4268537178931971,19,0.7328123831020608,0,H,H
ARG,18,22.983870967741936,0,71.53331074000273,1.0,7,0.4738605019261599,15,0.6278369502691269,0,H,H
VAL,19,1.4084507042253522,0,111.50517637239325,1.0,7,0.4877345487733406,20,0.909677846612487,0,H,H
LEU,20,3.658536585365853,0,1.2076282160399163,0.0,6,0.3970142569841554,22,0.8447758813050921,0,H,H
LYS,21,65.3658536585366,1,86.4258170860447,1.0,6,0.3848013124572722,15,0.6209017326361013,0,H,H
ALA,22,0.9433962264150944,0,122.83338249011962,1.0,7,0.4593815227490539,19,0.8165830674709572,0,H,H
LEU,23,1.829268292682927,0,4.830512864159665,0.0,7,0.477179553448923,21,0.9358548285802,0,H,H
ILE,24,6.508875739644971,0,11.940112968421968,0.0,6,0.4083290636860679,21,0.8239500688703425,0,H,H
GLU,25,36.597938144329895,1,119.04778847528513,1.0,6,0.4160318945781478,16,0.6622224694973762,0,H,H
GLN,26,0.5050505050505051,0,67.10208173574371,1.0,7,0.6049894605547865,20,0.8399352802940496,0,H,H
ILE,27,0.0,0,3.3948050214691308,0.0,6,0.404935221468828,23,0.9129638514072494,0,H,H
LYS,28,34.14634146341464,1,32.27993991385881,1.0,6,0.4057208199083646,18,0.6929262614621559,0,H,H
LEU,29,14.02439024390244,0,119.66648116611248,1.0,6,0.4165769466424514,20,0.7957352696844954,0,H,H
PHE,30,0.5076142131979695,0,92.4357089651032,1.0,7,0.5053581942521377,22,0.889767343149955,0,H,H
ILE,31,2.9585798816568047,0,13.147741184461884,0.0,6,0.3936238315893609,19,0.8519867170648233,0,H,H
GLU,32,47.42268041237113,1,141.82433521381114,1.0,7,0.4655403578463409,15,0.6202159225836792,0,H,H
LEU,33,1.829268292682927,0,136.92319934679875,1.0,7,0.5589701804766554,19,0.7870788493407384,0,H,H
ILE,34,30.17751479289941,1,54.13552248279966,1.0,6,0.3393870732863947,18,0.7021824944172791,0,H,H
LYS,35,47.80487804878049,1,119.59670011009096,1.0,4,0.2657602419687854,10,0.3386015241874541,1,H,H
ARG,36,72.98387096774194,1,149.57542340519524,1.0,5,0.3208470728368595,10,0.3244832675948415,1,S,S
PRO,37,65.44117647058823,1,18.527165683427373,0.0,3,0.4742608115372911,16,0.4698802716272232,1,-,-
ASP,38,45.39877300613497,1,90.52774434835443,1.0,4,0.5160005501714489,14,0.4739215881401118,1,-,-
GLU,39,52.57731958762887,1,45.0191735223891,1.0,4,0.3002110927322787,10,0.3885963478591399,1,H,H
ASP,40,65.03067484662577,1,68.47723223844365,1.0,5,0.3095245952871771,10,0.3176871347369023,1,H,H
LEU,41,15.853658536585366,0,41.43207789777905,1.0,6,0.4103042759360792,17,0.6679670711268813,0,H,H
ALA,42,0.9433962264150944,0,14.3553694005018,0.0,6,0.4253627628212659,20,0.7660169535106678,0,H,H
ASP,43,45.39877300613497,1,2.4152564320798326,0.0,6,0.4381413871597792,13,0.5053908862072825,1,H,H
LYS,44,48.78048780487805,1,61.635735651238704,1.0,6,0.4255471147644674,14,0.5912017357904087,1,H,H
VAL,45,0.0,0,30.409360249687758,1.0,7,0.6189210149769037,23,0.9154753776648322,0,H,H
ARG,46,36.693548387096776,1,0.0,0.0,6,0.4043340726119482,17,0.6430940041781679,0,H,H
LYS,47,53.170731707317074,1,18.114423240598747,0.0,6,0.42135326257575,14,0.5121380827965897,1,H,H
SER,48,0.0,0,58.69369696300494,1.0,6,0.4120856758961445,21,0.7318246061286968,0,H,H
SER,49,0.7692307692307693,0,3.622884648119749,0.0,7,0.6313869412335668,22,0.8739849351074758,0,H,H
GLU,50,51.546391752577314,1,0.0,0.0,6,0.4303973984259088,14,0.5272510826081838,1,H,H
GLU,51,24.742268041237114,0,98.4765769477261,1.0,6,0.4267620483427056,15,0.571609991622669,1,H,H
LEU,52,2.4390243902439024,0,4.285836096250882,0.0,6,0.4433909100216531,20,0.938441328010005,0,H,H
LYS,53,31.21951219512195,1,2.4152564320798326,0.0,6,0.4381867655755366,16,0.6654691877976617,0,H,H
LYS,54,66.82926829268293,1,14.491538592478996,0.0,6,0.4220363420238308,11,0.5269087505265095,1,H,H
ILE,55,0.591715976331361,0,91.09379651267824,1.0,6,0.4433018644500512,19,0.7870854600823967,0,H,H
ILE,56,4.142011834319527,0,1.2076282160399163,0.0,6,0.4306383502809493,21,0.8549067238494293,0,H,H
LYS,57,59.512195121951216,1,1.2076282160399163,0.0,6,0.4260458912322947,12,0.5234245627080901,1,H,H
GLU,58,34.5360824742268,1,87.40536567543398,1.0,6,0.4206884327445046,16,0.6061291152970552,0,H,H
VAL,59,0.0,0,18.114423240598747,0.0,6,0.4225764746233286,21,0.9299596990039384,0,H,H
GLU,60,19.587628865979383,0,1.2076282160399163,0.0,6,0.4223458677222543,16,0.6649896056364673,0,H,H
LYS,61,56.58536585365853,1,20.393510480701384,0.0,6,0.4225377049714984,12,0.5642528570348253,1,H,H
ILE,62,3.5502958579881656,0,86.16101852445891,1.0,6,0.4053684908021754,18,0.7641912255695773,0,H,H
LEU,63,10.365853658536585,0,0.0,0.0,6,0.4263823111405285,21,0.8714318352466817,0,H,H
ARG,64,53.2258064516129,1,2.279087240102637,0.0,6,0.4156718778343299,13,0.547962327159113,1,H,H
LYS,65,41.46341463414634,1,80.2811760148884,1.0,6,0.4081509312877233,13,0.5573937228158152,1,H,H
VAL,66,0.0,0,13.28391037643908,0.0,6,0.4197287796703606,20,0.8673096866440957,0,H,H
ASP,67,36.809815950920246,1,4.830512864159665,0.0,7,0.4955982182557055,16,0.6577702116329104,0,H,H
ASP,68,59.50920245398773,1,15.290659232587323,0.0,6,0.4143559290971358,11,0.5376250995616265,1,H,H
ILE,69,16.56804733727811,0,135.5104628295913,1.0,6,0.4066539037035375,17,0.6858694808910519,0,H,H
LEU,70,5.487804878048781,0,62.606814506833906,1.0,6,0.4146512116634948,19,0.8177179654492837,0,H,H
TYR,71,82.43243243243244,1,28.82901348122595,1.0,7,0.4531083473475848,11,0.495125580596906,1,H,H
LYS,72,81.46341463414633,1,102.38696758913176,1.0,6,0.3989414077306401,9,0.4074672859608,1,H,H
VAL,73,26.76056338028169,0,,,5,0.320630402254898,11,0.5344650222975211,1,H,H
LYS,74,59.512195121951216,1,,,4,0.2541776075297138,7,0.3296252671662535,1,-,-
SER,75,100.0,1,,,3,0.1615371107292147,6,0.1229029890063494,1,-,-
