protein,res_id,res_num,ncps_sphere_6,ncps_sphere_6_uni,ncps_sphere_10,ncps_sphere_10_uni,ncps_class
7UPO,SER,-1,1,0.0000000000,7,0.2207132867,1
7UPO,SER,0,4,0.4315639667,7,0.2622849413,1
7UPO,PRO,1,4,0.2762421652,8,0.2685222556,1
7UPO,GLU,2,5,0.3114169956,13,0.5710459865,1
7UPO,GLU,3,6,0.4103314262,14,0.7025299929,0
7UPO,GLU,4,6,0.4225302133,11,0.6259050992,1
7UPO,LYS,5,6,0.4076988712,12,0.5694025093,1
7UPO,LEU,6,7,0.4727072361,22,0.9240771816,0
7UPO,LYS,7,6,0.4138080731,17,0.6987245074,0
7UPO,GLU,8,6,0.4016624478,11,0.5208225416,1
7UPO,LEU,9,7,0.4594239296,17,0.7650663126,0
7UPO,LEU,10,7,0.4893480784,18,0.8207095861,0
7UPO,LYS,11,6,0.4042183016,12,0.5148113207,1
7UPO,GLU,12,6,0.4224782745,14,0.5805041690,1
7UPO,LEU,13,7,0.4859281147,22,0.9173066147,0
7UPO,LYS,14,6,0.4077644888,15,0.6201321655,0
7UPO,LYS,15,6,0.4100454229,12,0.5012070675,1
7UPO,VAL,16,7,0.4655790388,17,0.8137895776,0
7UPO,LEU,17,6,0.4071488886,20,0.8284443085,0
7UPO,ASP,18,6,0.4016510211,12,0.5316571196,1
7UPO,ARG,19,6,0.4073409485,14,0.5664741945,1
7UPO,LEU,20,7,0.5009850683,22,0.9289656641,0
7UPO,LYS,21,6,0.4188976794,17,0.6353198507,0
7UPO,LYS,22,6,0.4213045002,13,0.5238122071,1
7UPO,ILE,23,7,0.4916031421,17,0.8269429958,0
7UPO,LEU,24,7,0.4529056944,21,0.8478574075,0
7UPO,GLU,25,7,0.4627707040,13,0.5651226949,1
7UPO,ARG,26,6,0.3949119825,13,0.5656753095,1
7UPO,ASN,27,7,0.4470709362,19,0.8835202304,0
7UPO,ASP,28,7,0.4559646174,16,0.7677528274,0
7UPO,GLU,29,7,0.4710788341,10,0.5129518246,1
7UPO,GLU,30,6,0.3943669187,14,0.6262737642,0
7UPO,ILE,31,5,0.3512320781,19,0.9161602814,1
7UPO,LYS,32,5,0.4410879227,11,0.5071893373,1
7UPO,LYS,33,4,0.3389142631,9,0.4649061941,1
7UPO,SER,34,3,0.6321513254,11,0.5529578231,1
7UPO,ASP,35,2,0.0000000000,11,0.4548199518,1
7UPO,GLU,36,2,0.0000000000,13,0.5112782938,1
7UPO,LEU,37,2,0.0000000000,19,0.7245625842,1
7UPO,ASP,38,4,0.4798250348,10,0.4917179613,1
7UPO,ASP,39,6,0.7345548144,16,0.7267883212,0
7UPO,GLU,40,5,0.3131788109,17,0.6096598541,1
7UPO,SER,41,6,0.3957112955,13,0.5441099778,1
7UPO,LEU,42,6,0.4105712109,17,0.8602883352,0
7UPO,LEU,43,6,0.4009467387,21,0.9295547213,0
7UPO,GLU,44,6,0.4294294938,14,0.6152574377,0
7UPO,ASP,45,6,0.3992895213,17,0.8313516465,0
7UPO,ILE,46,6,0.4302936854,20,0.8357128864,0
7UPO,VAL,47,6,0.4199304820,18,0.8382586481,0
7UPO,GLU,48,6,0.3971751677,15,0.5665246756,1
7UPO,LEU,49,6,0.4144385338,19,0.8650018204,0
7UPO,LEU,50,6,0.4234152390,19,0.8970267963,0
7UPO,LYS,51,6,0.4120619851,14,0.5862706945,1
7UPO,GLU,52,6,0.3962340426,17,0.7888867935,0
7UPO,ILE,53,6,0.4181092870,18,0.7592262695,0
7UPO,ILE,54,6,0.4103132056,17,0.8563693395,0
7UPO,LYS,55,6,0.4110998078,14,0.5756260515,1
7UPO,LEU,56,6,0.4287518546,21,0.9055205665,0
7UPO,TRP,57,6,0.4180130811,20,0.8539873392,0
7UPO,LYS,58,6,0.4236534583,16,0.6361766371,0
7UPO,ILE,59,7,0.4730859606,16,0.8382975512,0
7UPO,LEU,60,6,0.4212696959,21,0.8748595141,0
7UPO,VAL,61,7,0.5949701642,18,0.8718319272,0
7UPO,GLU,62,6,0.4093779151,13,0.5782115398,1
7UPO,LEU,63,7,0.4916053966,21,0.9657064908,0
7UPO,SER,64,6,0.4171882172,20,0.9686594128,0
7UPO,ASP,65,6,0.4128055343,15,0.6278928875,0
7UPO,ILE,66,6,0.4135405218,17,0.7953957044,0
7UPO,LEU,67,6,0.4310111827,17,0.8669250596,0
7UPO,LEU,68,7,0.4727226344,16,0.8455504566,0
7UPO,LYS,69,6,0.3963219317,11,0.4760144354,1
7UPO,LEU,70,5,0.3018671238,12,0.6224275965,1
7UPO,ILE,71,4,0.2324281693,14,0.6385362869,1
7UPO,SER,72,4,0.1957951591,12,0.4350513917,1
7UPO,SER,-1,1,0.0000000000,5,0.0925965147,1
7UPO,SER,0,4,0.4521273036,7,0.2760347622,1
7UPO,PRO,1,4,0.2823904478,11,0.4897123722,1
7UPO,VAL,2,5,0.3085945408,17,0.8039259235,1
7UPO,ASP,3,6,0.4334652553,11,0.5338076482,1
7UPO,GLU,4,6,0.4169359780,11,0.6094081431,1
7UPO,ILE,5,6,0.4291139916,19,0.8097178282,0
7UPO,ASP,6,6,0.4095478462,18,0.7175751459,0
7UPO,LYS,7,6,0.4150085536,12,0.5408253342,1
7UPO,GLU,8,6,0.4316714102,14,0.6495749069,0
7UPO,VAL,9,7,0.4915825451,19,0.9170346383,0
7UPO,LYS,10,6,0.4073802255,13,0.5658856429,1
7UPO,LYS,11,6,0.4066581264,12,0.4892467377,1
7UPO,LEU,12,6,0.4257688018,19,0.7841652152,0
7UPO,GLU,13,7,0.4981688475,18,0.7515365908,0
7UPO,GLU,14,6,0.4284521359,11,0.5352025373,1
7UPO,GLU,15,7,0.4866933830,14,0.6348482912,0
7UPO,ALA,16,6,0.4310578390,20,0.9161450700,0
7UPO,LYS,17,6,0.4043827254,14,0.5454400393,1
7UPO,LYS,18,6,0.4110639185,13,0.5212329860,1
7UPO,SER,19,7,0.4857661133,19,0.8295125104,0
7UPO,GLN,20,6,0.4185036096,19,0.7136030101,0
7UPO,GLU,21,6,0.4158222853,11,0.5280378271,1
7UPO,GLU,22,6,0.4209489507,13,0.5753816028,1
7UPO,VAL,23,6,0.4405286824,20,0.9373583619,0
7UPO,GLU,24,6,0.4220690343,13,0.5604727536,1
7UPO,ARG,25,6,0.4004274914,11,0.5112622138,1
7UPO,LEU,26,6,0.4391696265,17,0.8328180487,0
7UPO,LYS,27,6,0.4122069824,14,0.6937080069,0
7UPO,GLN,28,6,0.4031521626,11,0.5161857306,1
7UPO,GLU,29,6,0.4108916565,15,0.5903214230,1
7UPO,VAL,30,7,0.4701918951,19,0.9215941038,0
7UPO,GLU,31,6,0.4043610055,10,0.5350467693,1
7UPO,LYS,32,6,0.3963747344,10,0.4956461403,1
7UPO,ALA,33,6,0.4225039989,14,0.8234803127,0
7UPO,SER,34,6,0.3848487713,13,0.5713817093,1
7UPO,LYS,35,4,0.2731896693,9,0.3253156053,1
7UPO,ALA,36,5,0.4856659748,9,0.4474092055,1
7UPO,GLY,37,2,0.0000000000,9,0.3508169165,1
7UPO,LEU,38,4,0.9188624489,12,0.6213372308,1
7UPO,ASP,39,4,0.3987779361,9,0.4075027657,1
7UPO,HIS,40,4,0.2633678409,15,0.5195368885,1
7UPO,GLU,41,5,0.3320612892,13,0.5381659422,1
7UPO,GLY,42,7,0.5339463687,12,0.6513315507,0
7UPO,ASP,43,6,0.4106698679,21,0.9015709165,0
7UPO,SER,44,6,0.4458524513,20,0.8725561134,0
7UPO,ARG,45,6,0.3938705147,15,0.5854431704,1
7UPO,ILE,46,6,0.4148825333,19,0.8114061131,0
7UPO,PHE,47,7,0.4675176235,22,0.9407218879,0
7UPO,LYS,48,6,0.4121047743,17,0.8234865141,0
7UPO,LYS,49,6,0.4022809312,14,0.6122889200,0
7UPO,ILE,50,6,0.4150488480,21,0.9658859509,0
7UPO,HIS,51,7,0.4918867214,19,0.8978406257,0
7UPO,ASP,52,6,0.4074425284,11,0.5984470835,1
7UPO,VAL,53,6,0.4005824865,20,0.7599011879,0
7UPO,VAL,54,6,0.3995812093,19,0.8800856021,0
7UPO,THR,55,6,0.4118594253,17,0.9099907790,0
7UPO,LYS,56,6,0.4061710335,14,0.5861504290,1
7UPO,GLN,57,6,0.4211889572,23,0.8757246683,0
7UPO,ILE,58,6,0.4282584140,21,0.8812653890,0
7UPO,LYS,59,6,0.4381613965,15,0.7118000591,0
7UPO,VAL,60,6,0.4132280391,16,0.8159034278,0
7UPO,ILE,61,6,0.4283326206,21,0.8121635321,0
7UPO,ILE,62,6,0.4275713898,18,0.8992694376,0
7UPO,ARG,63,6,0.4111678487,15,0.6226140748,0
7UPO,LEU,64,6,0.4152457152,22,0.9264426752,0
7UPO,ILE,65,7,0.4860809074,21,0.9203526202,0
7UPO,GLU,66,6,0.4022059488,14,0.6635111722,0
7UPO,VAL,67,6,0.4115632822,18,0.7663597357,0
7UPO,TYR,68,6,0.4343179272,21,0.8406243947,0
7UPO,VAL,69,7,0.4837577677,18,0.8562084302,0
7UPO,ARG,70,6,0.4334787225,15,0.6456250127,0
7UPO,LEU,71,6,0.4193151299,20,0.9111090689,0
7UPO,VAL,72,6,0.4140922010,20,0.8519767995,0
7UPO,GLU,73,6,0.4493745825,12,0.5943070207,1
7UPO,ILE,74,5,0.3494663961,11,0.5613174179,1
7UPO,ILE,75,4,0.2506447468,11,0.5500400326,1
7UPO,LEU,76,3,0.1610210644,11,0.5310752603,1
7UPO,SER,0,3,0.1381192708,8,0.2631610884,1
7UPO,LYS,1,5,0.5009484748,15,0.5708218115,1
7UPO,GLN,2,6,0.4761741922,18,0.8232615916,0
7UPO,LYS,3,6,0.4229022398,15,0.6581988833,0
7UPO,GLU,4,6,0.4510122752,13,0.6253472102,0
7UPO,ALA,5,6,0.4195113058,19,0.9259091588,0
7UPO,ILE,6,6,0.4446633328,19,0.8676119094,0
7UPO,LYS,7,6,0.4192976364,12,0.5207396566,1
7UPO,VAL,8,6,0.4265565836,16,0.8851773559,0
7UPO,TYR,9,6,0.4220822033,18,0.8892912817,0
7UPO,LEU,10,6,0.4154016092,20,0.6958127776,0
7UPO,GLU,11,6,0.4200933124,14,0.6520778479,0
7UPO,LEU,12,7,0.5183955409,19,0.9040863741,0
7UPO,LEU,13,6,0.4101248721,22,0.8639215131,0
7UPO,GLU,14,6,0.3742534229,12,0.5481272104,1
7UPO,VAL,15,6,0.4180001629,15,0.8122118460,0
7UPO,HIS,16,7,0.5077096395,19,0.8522662292,0
7UPO,SER,17,6,0.4268537179,19,0.7328123831,0
7UPO,ARG,18,7,0.4738605019,15,0.6278369503,0
7UPO,VAL,19,7,0.4877345488,20,0.9096778466,0
7UPO,LEU,20,6,0.3970142570,22,0.8447758813,0
7UPO,LYS,21,6,0.3848013125,15,0.6209017326,0
7UPO,ALA,22,7,0.4593815227,19,0.8165830675,0
7UPO,LEU,23,7,0.4771795534,21,0.9358548286,0
7UPO,ILE,24,6,0.4083290637,21,0.8239500689,0
7UPO,GLU,25,6,0.4160318946,16,0.6622224695,0
7UPO,GLN,26,7,0.6049894606,20,0.8399352803,0
7UPO,ILE,27,6,0.4049352215,23,0.9129638514,0
7UPO,LYS,28,6,0.4057208199,18,0.6929262615,0
7UPO,LEU,29,6,0.4165769466,20,0.7957352697,0
7UPO,PHE,30,7,0.5053581943,22,0.8897673431,0
7UPO,ILE,31,6,0.3936238316,19,0.8519867171,0
7UPO,GLU,32,7,0.4655403578,15,0.6202159226,0
7UPO,LEU,33,7,0.5589701805,19,0.7870788493,0
7UPO,ILE,34,6,0.3393870733,18,0.7021824944,0
7UPO,LYS,35,4,0.2657602420,10,0.3386015242,1
7UPO,ARG,36,5,0.3208470728,10,0.3244832676,1
7UPO,PRO,37,3,0.4742608115,16,0.4698802716,1
7UPO,ASP,38,4,0.5160005502,14,0.4739215881,1
7UPO,GLU,39,4,0.3002110927,10,0.3885963479,1
7UPO,ASP,40,5,0.3095245953,10,0.3176871347,1
7UPO,LEU,41,6,0.4103042759,17,0.6679670711,0
7UPO,ALA,42,6,0.4253627628,20,0.7660169535,0
7UPO,ASP,43,6,0.4381413872,13,0.5053908862,1
7UPO,LYS,44,6,0.4255471148,14,0.5912017358,1
7UPO,VAL,45,7,0.6189210150,23,0.9154753777,0
7UPO,ARG,46,6,0.4043340726,17,0.6430940042,0
7UPO,LYS,47,6,0.4213532626,14,0.5121380828,1
7UPO,SER,48,6,0.4120856759,21,0.7318246061,0
7UPO,SER,49,7,0.6313869412,22,0.8739849351,0
7UPO,GLU,50,6,0.4303973984,14,0.5272510826,1
7UPO,GLU,51,6,0.4267620483,15,0.5716099916,1
7UPO,LEU,52,6,0.4433909100,20,0.9384413280,0
7UPO,LYS,53,6,0.4381867656,16,0.6654691878,0
7UPO,LYS,54,6,0.4220363420,11,0.5269087505,1
7UPO,ILE,55,6,0.4433018645,19,0.7870854601,0
7UPO,ILE,56,6,0.4306383503,21,0.8549067238,0
7UPO,LYS,57,6,0.4260458912,12,0.5234245627,1
7UPO,GLU,58,6,0.4206884327,16,0.6061291153,0
7UPO,VAL,59,6,0.4225764746,21,0.9299596990,0
7UPO,GLU,60,6,0.4223458677,16,0.6649896056,0
7UPO,LYS,61,6,0.4225377050,12,0.5642528570,1
7UPO,ILE,62,6,0.4053684908,18,0.7641912256,0
7UPO,LEU,63,6,0.4263823111,21,0.8714318352,0
7UPO,ARG,64,6,0.4156718778,13,0.5479623272,1
7UPO,LYS,65,6,0.4081509313,13,0.5573937228,1
7UPO,VAL,66,6,0.4197287797,20,0.8673096866,0
7UPO,ASP,67,7,0.4955982183,16,0.6577702116,0
7UPO,ASP,68,6,0.4143559291,11,0.5376250996,1
7UPO,ILE,69,6,0.4066539037,17,0.6858694809,0
7UPO,LEU,70,6,0.4146512117,19,0.8177179654,0
7UPO,TYR,71,7,0.4531083473,11,0.4951255806,1
7UPO,LYS,72,6,0.3989414077,9,0.4074672860,1
7UPO,VAL,73,5,0.3206304023,11,0.5344650223,1
7UPO,LYS,74,4,0.2541776075,7,0.3296252672,1
7UPO,SER,75,3,0.1615371107,6,0.1229029890,1
