nc6,nc10,uni6,uni10,acc_dssp,acc_consensus,f1_score
5,12,0.25,0.65,0.8241758241758241,0.8241758241758241,0.826661904331991
5,12,0.28,0.65,0.8241758241758241,0.8241758241758241,0.826661904331991
5,11,0.28,0.65,0.8237362637362637,0.8237362637362637,0.8262253314219641
5,11,0.25,0.65,0.8237362637362637,0.8237362637362637,0.8262253314219641
5,13,0.25,0.65,0.8232967032967033,0.8232967032967033,0.8258131693524952
5,10,0.25,0.65,0.8232967032967033,0.8232967032967033,0.8257886728655961
5,10,0.28,0.65,0.8232967032967033,0.8232967032967033,0.8257886728655961
5,13,0.28,0.65,0.8232967032967033,0.8232967032967033,0.8258131693524952
5,12,0.3,0.65,0.8228571428571428,0.8228571428571428,0.8253711818982431
5,14,0.25,0.65,0.8228571428571428,0.8228571428571428,0.8254063742140556
5,14,0.28,0.65,0.8228571428571428,0.8228571428571428,0.8254063742140556
5,11,0.3,0.65,0.8224175824175824,0.8224175824175824,0.8249348174508212
5,10,0.3,0.65,0.8219780219780219,0.8219780219780219,0.8244983679666378
5,13,0.3,0.65,0.8219780219780219,0.8219780219780219,0.8245213689145564
5,14,0.3,0.65,0.8215384615384616,0.8215384615384616,0.8241124867921746
5,12,0.28,0.6,0.8206593406593407,0.8206593406593407,0.8222382167518403
5,12,0.32,0.65,0.8206593406593407,0.8206593406593407,0.8232337240314966
5,15,0.25,0.6,0.8206593406593407,0.8206593406593407,0.8228254334298873
5,15,0.28,0.6,0.8206593406593407,0.8206593406593407,0.8228254334298873
5,15,0.28,0.65,0.8202197802197803,0.8202197802197803,0.8228341278941917
5,11,0.32,0.65,0.8202197802197803,0.8202197802197803,0.8227981687523672
5,12,0.25,0.6,0.8202197802197803,0.8202197802197803,0.821790162790834
5,13,0.28,0.6,0.8202197802197803,0.8202197802197803,0.821910380143858
5,14,0.28,0.6,0.8202197802197803,0.8202197802197803,0.8220870329522564
5,15,0.25,0.65,0.8202197802197803,0.8202197802197803,0.8228341278941917
5,11,0.28,0.6,0.8197802197802198,0.8197802197802198,0.8213168032814131
5,13,0.25,0.6,0.8197802197802198,0.8197802197802198,0.8214632438265885
5,13,0.32,0.65,0.8197802197802198,0.8197802197802198,0.8223796048886494
5,14,0.25,0.6,0.8197802197802198,0.8197802197802198,0.8216415341323481
5,10,0.32,0.65,0.8197802197802198,0.8197802197802198,0.8223625316895833
5,10,0.28,0.6,0.8193406593406594,0.8193406593406594,0.8208682605645505
5,12,0.3,0.6,0.8193406593406594,0.8193406593406594,0.8209921183993024
5,11,0.25,0.6,0.8193406593406594,0.8193406593406594,0.8208682605645505
5,14,0.32,0.65,0.8193406593406594,0.8193406593406594,0.8219625538291935
5,14,0.3,0.6,0.8189010989010989,0.8189010989010989,0.8208336948927816
5,13,0.3,0.6,0.8189010989010989,0.8189010989010989,0.8206617911331657
5,15,0.3,0.65,0.8189010989010989,0.8189010989010989,0.821536299421884
5,15,0.3,0.6,0.8189010989010989,0.8189010989010989,0.8211200773606788
5,10,0.25,0.6,0.8189010989010989,0.8189010989010989,0.8204195790046149
5,11,0.3,0.6,0.8184615384615385,0.8184615384615385,0.8200721709559777
5,12,0.32,0.6,0.8180219780219781,0.8180219780219781,0.8198582690440573
5,10,0.3,0.6,0.8180219780219781,0.8180219780219781,0.8196240728805437
5,13,0.32,0.6,0.8175824175824176,0.8175824175824176,0.8194980991284417
5,16,0.25,0.65,0.8175824175824176,0.8175824175824176,0.8202286737885136
5,14,0.32,0.6,0.8175824175824176,0.8175824175824176,0.8196555195908202
5,16,0.28,0.65,0.8175824175824176,0.8175824175824176,0.8202286737885136
5,11,0.32,0.6,0.8171428571428572,0.8171428571428572,0.8189434077905587
5,10,0.32,0.6,0.8167032967032967,0.8167032967032967,0.8184968044352318
5,16,0.28,0.6,0.8167032967032967,0.8167032967032967,0.8192370986721381
5,16,0.25,0.6,0.8167032967032967,0.8167032967032967,0.8192370986721381
5,15,0.32,0.6,0.8167032967032967,0.8167032967032967,0.8190311643874559
5,16,0.3,0.65,0.8162637362637363,0.8162637362637363,0.8189252923882959
5,12,0.35,0.65,0.8158241758241759,0.8158241758241759,0.8184947527607429
5,15,0.32,0.65,0.8158241758241759,0.8158241758241759,0.8185054149708543
5,16,0.3,0.6,0.8153846153846154,0.8153846153846154,0.8179496294675818
5,11,0.35,0.65,0.8153846153846154,0.8153846153846154,0.8180602795388788
5,10,0.35,0.65,0.814945054945055,0.814945054945055,0.817625728204542
5,13,0.35,0.65,0.814945054945055,0.814945054945055,0.817634606246852
5,14,0.35,0.65,0.8140659340659341,0.8140659340659341,0.8167729209030291
5,15,0.28,0.55,0.8136263736263736,0.8136263736263736,0.8153176455209481
5,12,0.35,0.6,0.8136263736263736,0.8136263736263736,0.8156962886708288
5,15,0.25,0.55,0.8136263736263736,0.8136263736263736,0.8153176455209481
5,13,0.35,0.6,0.8131868131868132,0.8131868131868132,0.8153286356596634
5,16,0.28,0.55,0.8131868131868132,0.8131868131868132,0.8155735462120048
5,16,0.32,0.65,0.8131868131868132,0.8131868131868132,0.815877385445059
5,16,0.32,0.6,0.8131868131868132,0.8131868131868132,0.8158248525045755
5,16,0.25,0.55,0.8131868131868132,0.8131868131868132,0.8155735462120048
5,11,0.35,0.6,0.8127472527472528,0.8127472527472528,0.814786844465953
5,14,0.35,0.6,0.8123076923076923,0.8123076923076923,0.8145829719729125
5,10,0.35,0.6,0.8123076923076923,0.8123076923076923,0.814341832754779
5,15,0.3,0.55,0.8118681318681319,0.8118681318681319,0.8136250447750729
5,16,0.3,0.55,0.8118681318681319,0.8118681318681319,0.8142926032095198
5,15,0.35,0.6,0.810989010989011,0.810989010989011,0.8134898352393037
5,15,0.35,0.65,0.8105494505494506,0.8105494505494506,0.8132977310912031
5,15,0.32,0.55,0.8101098901098901,0.8101098901098901,0.8120260198720598
5,16,0.32,0.55,0.8096703296703297,0.8096703296703297,0.8121947295834524
5,12,0.38,0.65,0.8096703296703297,0.8096703296703297,0.8124413812180471
5,11,0.38,0.65,0.8092307692307692,0.8092307692307692,0.8120082223530499
5,10,0.38,0.65,0.8087912087912088,0.8087912087912088,0.8115749895811292
5,13,0.38,0.65,0.8087912087912088,0.8087912087912088,0.8115734972247914
5,16,0.35,0.65,0.8083516483516483,0.8083516483516483,0.8110783068973835
5,16,0.35,0.6,0.8079120879120879,0.8079120879120879,0.8106669920410378
5,14,0.38,0.65,0.8079120879120879,0.8079120879120879,0.8106986275797117
5,12,0.38,0.6,0.8074725274725275,0.8074725274725275,0.809780598365802
5,13,0.38,0.6,0.807032967032967,0.807032967032967,0.8094055988689601
5,12,0.25,0.7,0.8065934065934066,0.8065934065934066,0.8091975589136376
5,11,0.38,0.6,0.8065934065934066,0.8065934065934066,0.8088763256824457
5,11,0.28,0.7,0.8065934065934066,0.8065934065934066,0.8091975589136376
5,11,0.25,0.7,0.8065934065934066,0.8065934065934066,0.8091975589136376
5,12,0.28,0.7,0.8065934065934066,0.8065934065934066,0.8091975589136376
5,14,0.38,0.6,0.8061538461538461,0.8061538461538461,0.808644860936661
5,13,0.28,0.7,0.8061538461538461,0.8061538461538461,0.8087467788293713
5,13,0.25,0.7,0.8061538461538461,0.8061538461538461,0.8087467788293713
5,10,0.28,0.7,0.8061538461538461,0.8061538461538461,0.8087694825344297
5,10,0.25,0.7,0.8061538461538461,0.8061538461538461,0.8087694825344297
5,10,0.38,0.6,0.8061538461538461,0.8061538461538461,0.8084328128293141
5,14,0.28,0.7,0.8057142857142857,0.8057142857142857,0.8082704379228469
5,14,0.25,0.7,0.8057142857142857,0.8057142857142857,0.8082704379228469
5,14,0.28,0.55,0.8057142857142857,0.8057142857142857,0.8066546876445639
5,12,0.3,0.7,0.8052747252747253,0.8052747252747253,0.8078794172821122
5,11,0.3,0.7,0.8052747252747253,0.8052747252747253,0.8078794172821122
5,15,0.35,0.55,0.8052747252747253,0.8052747252747253,0.807427094749874
5,16,0.35,0.55,0.8052747252747253,0.8052747252747253,0.8079471709917
5,14,0.25,0.55,0.8052747252747253,0.8052747252747253,0.8061996624361304
5,10,0.3,0.7,0.8048351648351648,0.8048351648351648,0.8074515621807457
5,15,0.38,0.6,0.8048351648351648,0.8048351648351648,0.8075186049399308
5,13,0.3,0.7,0.8048351648351648,0.8048351648351648,0.8074278150998799
5,14,0.3,0.7,0.8043956043956044,0.8043956043956044,0.8069495862918051
5,15,0.38,0.65,0.8043956043956044,0.8043956043956044,0.8071985586523717
5,14,0.3,0.55,0.8043956043956044,0.8043956043956044,0.8054294580805553
5,15,0.25,0.5,0.8039560439560439,0.8039560439560439,0.8050773372473919
5,15,0.28,0.5,0.8039560439560439,0.8039560439560439,0.8050773372473919
5,16,0.25,0.5,0.8035164835164835,0.8035164835164835,0.8057293786851347
5,14,0.32,0.55,0.8035164835164835,0.8035164835164835,0.8047884466763977
5,16,0.28,0.5,0.8035164835164835,0.8035164835164835,0.8057293786851347
5,15,0.28,0.7,0.803076923076923,0.803076923076923,0.8055996574910551
5,15,0.25,0.7,0.803076923076923,0.803076923076923,0.8055996574910551
5,16,0.38,0.65,0.8021978021978022,0.8021978021978022,0.8049429850786027
5,12,0.32,0.7,0.8021978021978022,0.8021978021978022,0.8048002196047085
5,16,0.3,0.5,0.8021978021978022,0.8021978021978022,0.8044557197843232
5,11,0.32,0.7,0.8021978021978022,0.8021978021978022,0.8048002196047085
5,15,0.3,0.5,0.8021978021978022,0.8021978021978022,0.8033963011698236
5,13,0.32,0.7,0.8017582417582417,0.8017582417582417,0.8043466593654025
5,16,0.38,0.6,0.8017582417582417,0.8017582417582417,0.804635308459772
5,15,0.3,0.7,0.8017582417582417,0.8017582417582417,0.8042758330562175
5,10,0.32,0.7,0.8017582417582417,0.8017582417582417,0.8043728863012733
5,14,0.32,0.7,0.8013186813186813,0.8013186813186813,0.8038639401472252
5,16,0.25,0.7,0.8008791208791208,0.8008791208791208,0.8033125558212343
5,16,0.28,0.7,0.8008791208791208,0.8008791208791208,0.8033125558212343
5,15,0.32,0.5,0.8004395604395604,0.8004395604395604,0.8018436344889012
5,16,0.32,0.5,0.8,0.8,0.8023885490150162
5,16,0.3,0.7,0.7995604395604395,0.7995604395604395,0.8019842954420476
5,16,0.38,0.55,0.7991208791208791,0.7991208791208791,0.8019575472813905
5,14,0.35,0.55,0.7991208791208791,0.7991208791208791,0.8007031382002298
5,15,0.38,0.55,0.7991208791208791,0.7991208791208791,0.8015199272524448
5,15,0.32,0.7,0.7986813186813186,0.7986813186813186,0.8011831014758118
5,12,0.35,0.7,0.7978021978021979,0.7978021978021979,0.800362384083072
5,11,0.35,0.7,0.7978021978021979,0.7978021978021979,0.800362384083072
5,13,0.28,0.55,0.7978021978021979,0.7978021978021979,0.7980665845189381
5,10,0.35,0.7,0.7973626373626373,0.7973626373626373,0.7999360510840717
5,13,0.25,0.55,0.7973626373626373,0.7973626373626373,0.797606027489051
5,13,0.35,0.7,0.7973626373626373,0.7973626373626373,0.7999049434934155
5,16,0.32,0.7,0.7964835164835165,0.7964835164835165,0.7988810123890489
5,13,0.3,0.55,0.7964835164835165,0.7964835164835165,0.7968565659568492
5,13,0.32,0.55,0.7964835164835165,0.7964835164835165,0.7971833491490941
5,14,0.35,0.7,0.7964835164835165,0.7964835164835165,0.7989876773211898
5,15,0.35,0.5,0.7956043956043956,0.7956043956043956,0.7973327035584331
5,16,0.35,0.5,0.7951648351648352,0.7951648351648352,0.7977583290592228
5,15,0.35,0.7,0.7938461538461539,0.7938461538461539,0.7962935063465266
5,13,0.35,0.55,0.7934065934065934,0.7934065934065934,0.7945166488813076
5,14,0.38,0.55,0.7925274725274726,0.7925274725274726,0.7944377806815833
5,16,0.35,0.7,0.7920879120879121,0.7920879120879121,0.7944169002784232
5,11,0.38,0.7,0.7920879120879121,0.7920879120879121,0.7945747708148861
5,12,0.38,0.7,0.7920879120879121,0.7920879120879121,0.7945747708148861
5,13,0.38,0.7,0.7916483516483517,0.7916483516483517,0.7941123408051618
5,10,0.38,0.7,0.7916483516483517,0.7916483516483517,0.7941496861537315
5,14,0.28,0.5,0.7916483516483517,0.7916483516483517,0.7913621204469846
5,14,0.25,0.5,0.7912087912087912,0.7912087912087912,0.7908974239880414
5,15,0.38,0.5,0.7907692307692308,0.7907692307692308,0.7928294762218894
5,14,0.38,0.7,0.7907692307692308,0.7907692307692308,0.7931849886885028
5,12,0.4,0.65,0.7907692307692308,0.7907692307692308,0.7937002353419698
5,11,0.4,0.65,0.7903296703296703,0.7903296703296703,0.7932710975850416
5,16,0.38,0.5,0.7903296703296703,0.7903296703296703,0.7931367559298445
5,14,0.3,0.5,0.7903296703296703,0.7903296703296703,0.7902113492509798
5,13,0.4,0.65,0.7903296703296703,0.7903296703296703,0.7932443085399705
5,12,0.28,0.55,0.7903296703296703,0.7903296703296703,0.7898671250205744
5,10,0.4,0.65,0.7898901098901099,0.7898901098901099,0.7928418976145806
5,12,0.25,0.55,0.7898901098901099,0.7898901098901099,0.7894012206391746
5,14,0.32,0.5,0.7894505494505495,0.7894505494505495,0.7896583281310454
5,14,0.4,0.65,0.7894505494505495,0.7894505494505495,0.7923261605554023
5,12,0.32,0.55,0.7894505494505495,0.7894505494505495,0.7895669459711412
5,13,0.4,0.6,0.7894505494505495,0.7894505494505495,0.7924314031012827
5,12,0.4,0.6,0.7894505494505495,0.7894505494505495,0.7924075238894515
5,12,0.3,0.55,0.789010989010989,0.789010989010989,0.7886714555733609
5,14,0.4,0.6,0.7885714285714286,0.7885714285714286,0.7916090522659892
5,11,0.4,0.6,0.7885714285714286,0.7885714285714286,0.7915230967329705
5,15,0.38,0.7,0.7881318681318681,0.7881318681318681,0.7904727245172388
5,10,0.4,0.6,0.7881318681318681,0.7881318681318681,0.7910850413352419
5,13,0.38,0.55,0.7872527472527473,0.7872527472527473,0.7887496015256127
5,15,0.4,0.6,0.7872527472527473,0.7872527472527473,0.7903484682528927
5,15,0.4,0.65,0.7868131868131868,0.7868131868131868,0.7896249442485977
5,12,0.35,0.55,0.7863736263736264,0.7863736263736264,0.786961176143821
5,16,0.38,0.7,0.7863736263736264,0.7863736263736264,0.7885716258817819
5,11,0.28,0.55,0.7854945054945055,0.7854945054945055,0.7846766491907958
5,14,0.35,0.5,0.7850549450549451,0.7850549450549451,0.7857101082342044
5,16,0.4,0.65,0.7850549450549451,0.7850549450549451,0.7876997283154682
5,11,0.32,0.55,0.7850549450549451,0.7850549450549451,0.7848844336275769
5,11,0.25,0.55,0.7850549450549451,0.7850549450549451,0.7842081357481516
5,16,0.4,0.6,0.7846153846153846,0.7846153846153846,0.7876864561090385
5,10,0.28,0.55,0.7846153846153846,0.7846153846153846,0.7837394083419194
5,10,0.32,0.55,0.7841758241758242,0.7841758241758242,0.7839548006271464
5,11,0.3,0.55,0.7841758241758242,0.7841758241758242,0.7834883478156027
5,10,0.25,0.55,0.7841758241758242,0.7841758241758242,0.7832704662374703
5,10,0.3,0.55,0.7832967032967033,0.7832967032967033,0.782552350806319
5,16,0.4,0.55,0.7824175824175824,0.7824175824175824,0.7855807706479683
5,15,0.4,0.55,0.7824175824175824,0.7824175824175824,0.7854733284452579
5,11,0.35,0.55,0.7824175824175824,0.7824175824175824,0.7827709792314544
5,10,0.35,0.55,0.7815384615384615,0.7815384615384615,0.7818472706974345
5,12,0.38,0.55,0.7806593406593406,0.7806593406593406,0.7817011998998398
5,14,0.38,0.5,0.7802197802197802,0.7802197802197802,0.7813620405142563
5,13,0.28,0.5,0.7767032967032967,0.7767032967032967,0.7746995190160237
5,11,0.38,0.55,0.7767032967032967,0.7767032967032967,0.7775355253564338
5,14,0.4,0.55,0.7762637362637362,0.7762637362637362,0.779122200051554
5,15,0.4,0.5,0.7762637362637362,0.7762637362637362,0.7792018658184945
5,13,0.32,0.5,0.7758241758241758,0.7758241758241758,0.7745614303679789
5,13,0.3,0.5,0.7758241758241758,0.7758241758241758,0.7740691676931998
5,13,0.25,0.5,0.7758241758241758,0.7758241758241758,0.7737472374013925
5,10,0.38,0.55,0.7758241758241758,0.7758241758241758,0.7766166933944597
5,16,0.4,0.5,0.7758241758241758,0.7758241758241758,0.7790789222657261
5,11,0.4,0.7,0.774065934065934,0.774065934065934,0.7762301289288737
5,12,0.4,0.7,0.774065934065934,0.774065934065934,0.7762301289288737
5,13,0.4,0.7,0.7736263736263737,0.7736263736263737,0.7757526651535868
5,10,0.4,0.7,0.7736263736263737,0.7736263736263737,0.7758086456796244
5,13,0.35,0.5,0.7731868131868131,0.7731868131868131,0.7726590582632096
5,14,0.4,0.7,0.7727472527472528,0.7727472527472528,0.7747949256356931
5,13,0.4,0.55,0.770989010989011,0.770989010989011,0.7736372626750196
5,15,0.4,0.7,0.7705494505494506,0.7705494505494506,0.7724794904620139
5,16,0.4,0.7,0.7692307692307693,0.7692307692307693,0.7709597405751215
5,13,0.38,0.5,0.7683516483516484,0.7683516483516484,0.7684797088241992
5,14,0.4,0.5,0.7661538461538462,0.7661538461538462,0.7686493341819413
6,12,0.28,0.65,0.7643956043956044,0.7643956043956044,0.7669241465479879
5,12,0.4,0.55,0.7643956043956044,0.7643956043956044,0.7668011748011748
6,12,0.25,0.65,0.7643956043956044,0.7643956043956044,0.7669241465479879
6,11,0.28,0.65,0.763956043956044,0.763956043956044,0.7665019777519582
6,12,0.3,0.65,0.763956043956044,0.763956043956044,0.7664765401017184
6,11,0.25,0.65,0.763956043956044,0.763956043956044,0.7665019777519582
6,12,0.32,0.65,0.763956043956044,0.763956043956044,0.7664765401017184
6,10,0.25,0.65,0.7635164835164835,0.7635164835164835,0.7660797667722817
6,11,0.32,0.65,0.7635164835164835,0.7635164835164835,0.7660544605276447
6,12,0.35,0.65,0.7635164835164835,0.7635164835164835,0.7660027753725412
6,13,0.25,0.65,0.7635164835164835,0.7635164835164835,0.7660027753725412
6,13,0.28,0.65,0.7635164835164835,0.7635164835164835,0.7660027753725412
6,10,0.28,0.65,0.7635164835164835,0.7635164835164835,0.7660797667722817
6,11,0.3,0.65,0.7635164835164835,0.7635164835164835,0.7660544605276447
6,13,0.3,0.65,0.7630769230769231,0.7630769230769231,0.7655546670931287
6,10,0.32,0.65,0.7630769230769231,0.7630769230769231,0.765632338935392
6,10,0.3,0.65,0.7630769230769231,0.7630769230769231,0.765632338935392
6,13,0.32,0.65,0.7630769230769231,0.7630769230769231,0.7655546670931287
6,11,0.35,0.65,0.7630769230769231,0.7630769230769231,0.7655809159344209
6,10,0.35,0.65,0.7626373626373626,0.7626373626373626,0.7651590153055856
6,13,0.35,0.65,0.7626373626373626,0.7626373626373626,0.7650795843130909
6,14,0.28,0.65,0.7621978021978022,0.7621978021978022,0.7645757592043213
6,14,0.25,0.65,0.7621978021978022,0.7621978021978022,0.7645757592043213
6,14,0.3,0.65,0.7617582417582418,0.7617582417582418,0.7641265411299962
6,14,0.32,0.65,0.7617582417582418,0.7617582417582418,0.7641265411299962
6,14,0.35,0.65,0.7613186813186813,0.7613186813186813,0.7636485715860712
6,12,0.28,0.6,0.7608791208791209,0.7608791208791209,0.764238477619941
6,12,0.25,0.6,0.7608791208791209,0.7608791208791209,0.764238477619941
6,13,0.25,0.6,0.7604395604395604,0.7604395604395604,0.7637802703613157
6,12,0.32,0.6,0.7604395604395604,0.7604395604395604,0.7638003106579616
6,12,0.3,0.6,0.7604395604395604,0.7604395604395604,0.7638003106579616
5,11,0.4,0.55,0.7604395604395604,0.7604395604395604,0.7627231436520281
6,13,0.28,0.6,0.7604395604395604,0.7604395604395604,0.7637802703613157
6,14,0.25,0.6,0.76,0.76,0.7632840888365111
6,11,0.28,0.6,0.76,0.76,0.7633899543721248
6,13,0.32,0.6,0.76,0.76,0.7633415918047673
6,13,0.3,0.6,0.76,0.76,0.7633415918047673
6,14,0.28,0.6,0.76,0.76,0.7632840888365111
6,11,0.25,0.6,0.76,0.76,0.7633899543721248
5,10,0.4,0.55,0.7595604395604396,0.7595604395604396,0.761821461952788
6,12,0.35,0.6,0.7595604395604396,0.7595604395604396,0.7629134089681461
6,14,0.32,0.6,0.7595604395604396,0.7595604395604396,0.7628442793816392
6,14,0.3,0.6,0.7595604395604396,0.7595604395604396,0.7628442793816392
6,10,0.25,0.6,0.7595604395604396,0.7595604395604396,0.7629609434238808
6,10,0.28,0.6,0.7595604395604396,0.7595604395604396,0.7629609434238808
6,11,0.32,0.6,0.7595604395604396,0.7595604395604396,0.7629521701032955
6,11,0.3,0.6,0.7595604395604396,0.7595604395604396,0.7629521701032955
6,10,0.32,0.6,0.7591208791208791,0.7591208791208791,0.7625232509082865
6,10,0.3,0.6,0.7591208791208791,0.7591208791208791,0.7625232509082865
6,15,0.28,0.65,0.7591208791208791,0.7591208791208791,0.761306908582137
6,15,0.25,0.65,0.7591208791208791,0.7591208791208791,0.761306908582137
6,13,0.35,0.6,0.7591208791208791,0.7591208791208791,0.762452725657779
6,15,0.28,0.6,0.7586813186813187,0.7586813186813187,0.7617987967492583
6,15,0.25,0.6,0.7586813186813187,0.7586813186813187,0.7617987967492583
6,15,0.3,0.65,0.7586813186813187,0.7586813186813187,0.7608557334119835
6,11,0.35,0.6,0.7586813186813187,0.7586813186813187,0.7620667349563686
6,14,0.35,0.6,0.7586813186813187,0.7586813186813187,0.7619511011743476
6,15,0.32,0.65,0.7586813186813187,0.7586813186813187,0.7608557334119835
6,10,0.35,0.6,0.7582417582417582,0.7582417582417582,0.7616381667113373
6,15,0.32,0.6,0.7582417582417582,0.7582417582417582,0.761356323178103
6,15,0.35,0.65,0.7582417582417582,0.7582417582417582,0.7603726878873365
6,15,0.3,0.6,0.7582417582417582,0.7582417582417582,0.761356323178103
6,12,0.38,0.65,0.7582417582417582,0.7582417582417582,0.7606162187257783
6,11,0.38,0.65,0.7578021978021978,0.7578021978021978,0.7601954451247012
6,10,0.38,0.65,0.7573626373626373,0.7573626373626373,0.7597746322947564
6,15,0.35,0.6,0.7573626373626373,0.7573626373626373,0.760453117497855
6,13,0.38,0.65,0.7573626373626373,0.7573626373626373,0.7596868310675842
6,14,0.38,0.65,0.756043956043956,0.756043956043956,0.758242134870038
6,16,0.25,0.65,0.7551648351648351,0.7551648351648351,0.7570348419498873
6,16,0.28,0.6,0.7551648351648351,0.7551648351648351,0.7579074280234286
6,16,0.25,0.6,0.7551648351648351,0.7551648351648351,0.7579074280234286
6,16,0.28,0.65,0.7551648351648351,0.7551648351648351,0.7570348419498873
6,16,0.3,0.65,0.7547252747252747,0.7547252747252747,0.7565808280412414
6,16,0.32,0.65,0.7547252747252747,0.7547252747252747,0.7565808280412414
6,16,0.32,0.6,0.7547252747252747,0.7547252747252747,0.7574603632764985
6,16,0.3,0.6,0.7547252747252747,0.7547252747252747,0.7574603632764985
5,12,0.28,0.5,0.7547252747252747,0.7547252747252747,0.7499041754838611
5,13,0.4,0.5,0.7542857142857143,0.7542857142857143,0.756221125282119
5,12,0.32,0.5,0.7542857142857143,0.7542857142857143,0.7505965137194379
6,16,0.35,0.65,0.7542857142857143,0.7542857142857143,0.7560905057822875
6,12,0.38,0.6,0.7542857142857143,0.7542857142857143,0.757641594468622
6,16,0.35,0.6,0.7538461538461538,0.7538461538461538,0.7565402242799076
5,12,0.25,0.5,0.7538461538461538,0.7538461538461538,0.7489193510068677
5,12,0.3,0.5,0.7538461538461538,0.7538461538461538,0.7493562021484209
6,13,0.38,0.6,0.7538461538461538,0.7538461538461538,0.7571745707338927
6,11,0.38,0.6,0.7534065934065934,0.7534065934065934,0.7567996143587571
6,14,0.38,0.6,0.7534065934065934,0.7534065934065934,0.7566589561308522
6,15,0.28,0.55,0.7534065934065934,0.7534065934065934,0.7568558814686218
6,15,0.25,0.55,0.7534065934065934,0.7534065934065934,0.7568558814686218
6,15,0.3,0.55,0.7529670329670329,0.7529670329670329,0.7564172560642863
6,15,0.38,0.65,0.7529670329670329,0.7529670329670329,0.7549421133951988
6,10,0.38,0.6,0.7529670329670329,0.7529670329670329,0.7563721619307149
6,15,0.32,0.55,0.7529670329670329,0.7529670329670329,0.7564172560642863
6,16,0.28,0.55,0.7529670329670329,0.7529670329670329,0.7560168226834892
6,16,0.25,0.55,0.7529670329670329,0.7529670329670329,0.7560168226834892
6,15,0.35,0.55,0.7525274725274725,0.7525274725274725,0.7559563073853762
6,16,0.32,0.55,0.7525274725274725,0.7525274725274725,0.7555724888376454
6,16,0.3,0.55,0.7525274725274725,0.7525274725274725,0.7555724888376454
6,16,0.35,0.55,0.752087912087912,0.752087912087912,0.7550858390993748
6,15,0.38,0.6,0.752087912087912,0.752087912087912,0.755128024957247
5,12,0.35,0.5,0.7516483516483516,0.7516483516483516,0.7489408785637108
6,16,0.38,0.65,0.7490109890109891,0.7490109890109891,0.7506249569971776
6,16,0.38,0.6,0.7485714285714286,0.7485714285714286,0.7511583744946073
5,12,0.38,0.5,0.7476923076923077,0.7476923076923077,0.7459285104670721
6,15,0.38,0.55,0.7472527472527473,0.7472527472527473,0.7506773828328778
6,14,0.25,0.55,0.7468131868131868,0.7468131868131868,0.7504929105446205
6,11,0.28,0.7,0.7468131868131868,0.7468131868131868,0.7478695314538227
6,12,0.25,0.7,0.7468131868131868,0.7468131868131868,0.7478695314538227
6,11,0.25,0.7,0.7468131868131868,0.7468131868131868,0.7478695314538227
6,12,0.28,0.7,0.7468131868131868,0.7468131868131868,0.7478695314538227
6,16,0.38,0.55,0.7468131868131868,0.7468131868131868,0.7497364569003732
6,14,0.28,0.55,0.7468131868131868,0.7468131868131868,0.7504929105446205
6,11,0.3,0.7,0.7463736263736264,0.7463736263736264,0.7474092380317732
6,11,0.32,0.7,0.7463736263736264,0.7463736263736264,0.7474092380317732
6,10,0.28,0.7,0.7463736263736264,0.7463736263736264,0.7474542749746961
6,14,0.32,0.55,0.7463736263736264,0.7463736263736264,0.7500585618478758
6,10,0.25,0.7,0.7463736263736264,0.7463736263736264,0.7474542749746961
6,14,0.3,0.55,0.7463736263736264,0.7463736263736264,0.7500585618478758
6,12,0.3,0.7,0.7463736263736264,0.7463736263736264,0.7474092380317732
6,12,0.32,0.7,0.7463736263736264,0.7463736263736264,0.7474092380317732
6,11,0.35,0.7,0.745934065934066,0.745934065934066,0.7469030718030738
6,13,0.28,0.7,0.745934065934066,0.745934065934066,0.7469487693134489
6,13,0.25,0.7,0.745934065934066,0.745934065934066,0.7469487693134489
6,12,0.35,0.7,0.745934065934066,0.745934065934066,0.7469030718030738
6,10,0.3,0.7,0.745934065934066,0.745934065934066,0.7469940784380373
6,14,0.35,0.55,0.745934065934066,0.745934065934066,0.7496180275481775
6,10,0.32,0.7,0.745934065934066,0.745934065934066,0.7469940784380373
6,13,0.32,0.7,0.7454945054945055,0.7454945054945055,0.746488124773309
6,10,0.35,0.7,0.7454945054945055,0.7454945054945055,0.746488124773309
6,13,0.3,0.7,0.7454945054945055,0.7454945054945055,0.746488124773309
6,14,0.25,0.7,0.7450549450549451,0.7450549450549451,0.745934422720137
6,13,0.35,0.7,0.7450549450549451,0.7450549450549451,0.7459810583459665
6,14,0.28,0.7,0.7450549450549451,0.7450549450549451,0.745934422720137
6,15,0.28,0.5,0.7446153846153846,0.7446153846153846,0.7483086141007153
6,15,0.25,0.5,0.7446153846153846,0.7446153846153846,0.7483086141007153
6,14,0.32,0.7,0.7446153846153846,0.7446153846153846,0.7454728740133678
6,14,0.3,0.7,0.7446153846153846,0.7446153846153846,0.7454728740133678
5,11,0.32,0.5,0.7441758241758242,0.7441758241758242,0.7390554683678517
6,15,0.3,0.5,0.7441758241758242,0.7441758241758242,0.7478731415825282
6,14,0.35,0.7,0.7441758241758242,0.7441758241758242,0.7449635666104213
6,16,0.28,0.5,0.7441758241758242,0.7441758241758242,0.747590056298953
6,15,0.32,0.5,0.7441758241758242,0.7441758241758242,0.7478731415825282
6,16,0.25,0.5,0.7441758241758242,0.7441758241758242,0.747590056298953
6,15,0.35,0.5,0.7437362637362638,0.7437362637362638,0.7474270957987514
5,11,0.28,0.5,0.7437362637362638,0.7437362637362638,0.7372096273486624
6,16,0.3,0.5,0.7437362637362638,0.7437362637362638,0.7471485182533342
6,16,0.32,0.5,0.7437362637362638,0.7437362637362638,0.7471485182533342
6,16,0.35,0.5,0.7432967032967033,0.7432967032967033,0.7466740627758883
5,11,0.25,0.5,0.7428571428571429,0.7428571428571429,0.7362070063004882
5,11,0.3,0.5,0.7428571428571429,0.7428571428571429,0.7367068250143476
6,12,0.4,0.65,0.741978021978022,0.741978021978022,0.7437174492212172
6,15,0.28,0.7,0.741978021978022,0.741978021978022,0.7426508302649112
6,15,0.25,0.7,0.741978021978022,0.741978021978022,0.7426508302649112
6,15,0.32,0.7,0.7415384615384616,0.7415384615384616,0.7421877369007803
6,15,0.3,0.7,0.7415384615384616,0.7415384615384616,0.7421877369007803
5,11,0.35,0.5,0.7415384615384616,0.7415384615384616,0.7376151998677597
6,11,0.4,0.65,0.7415384615384616,0.7415384615384616,0.7433006993006993
6,12,0.38,0.7,0.7410989010989011,0.7410989010989011,0.741823146019217
6,10,0.4,0.65,0.7410989010989011,0.7410989010989011,0.7428839185663805
6,15,0.35,0.7,0.7410989010989011,0.7410989010989011,0.7416745213658573
6,13,0.4,0.65,0.7410989010989011,0.7410989010989011,0.7427637472352672
6,13,0.28,0.55,0.7410989010989011,0.7410989010989011,0.7448563119352677
6,11,0.38,0.7,0.7410989010989011,0.7410989010989011,0.741823146019217
6,13,0.25,0.55,0.7410989010989011,0.7410989010989011,0.7448563119352677
6,13,0.3,0.55,0.7406593406593407,0.7406593406593407,0.7444246355623105
6,13,0.32,0.55,0.7406593406593407,0.7406593406593407,0.7444246355623105
6,14,0.38,0.55,0.7406593406593407,0.7406593406593407,0.7443915912469563
6,10,0.38,0.7,0.7406593406593407,0.7406593406593407,0.7414092799082781
6,13,0.38,0.7,0.7402197802197802,0.7402197802197802,0.7408971732309411
6,13,0.35,0.55,0.7402197802197802,0.7402197802197802,0.7439974806490643
6,14,0.4,0.65,0.7397802197802198,0.7397802197802198,0.7412656937548351
5,10,0.32,0.5,0.7393406593406593,0.7393406593406593,0.7335984772051196
6,14,0.38,0.7,0.7393406593406593,0.7393406593406593,0.7398695103716625
6,16,0.28,0.7,0.7393406593406593,0.7393406593406593,0.7397150711118307
6,16,0.25,0.7,0.7393406593406593,0.7393406593406593,0.7397150711118307
6,15,0.38,0.5,0.7393406593406593,0.7393406593406593,0.7430449569622433
6,16,0.32,0.7,0.7389010989010989,0.7389010989010989,0.7392500072871426
6,16,0.3,0.7,0.7389010989010989,0.7389010989010989,0.7392500072871426
5,10,0.28,0.5,0.7389010989010989,0.7389010989010989,0.7316793896735507
6,12,0.4,0.6,0.7389010989010989,0.7389010989010989,0.7419888827811522
6,16,0.38,0.5,0.7389010989010989,0.7389010989010989,0.7422070785768365
6,16,0.35,0.7,0.7384615384615385,0.7384615384615385,0.7387318937915254
6,13,0.4,0.6,0.7384615384615385,0.7384615384615385,0.7414936971928588
5,10,0.3,0.5,0.738021978021978,0.738021978021978,0.7311950702586154
6,14,0.4,0.6,0.738021978021978,0.738021978021978,0.7409164809383285
6,11,0.4,0.6,0.738021978021978,0.738021978021978,0.7411671159232572
5,10,0.25,0.5,0.738021978021978,0.738021978021978,0.730669691598724
6,10,0.4,0.6,0.7375824175824176,0.7375824175824176,0.7407443435146183
5,11,0.38,0.5,0.7375824175824176,0.7375824175824176,0.7347216008894432
6,15,0.4,0.65,0.7371428571428571,0.7371428571428571,0.7383320973442472
5,10,0.35,0.5,0.7367032967032967,0.7367032967032967,0.7322194170025003
6,15,0.4,0.6,0.7367032967032967,0.7367032967032967,0.73927347031318
6,15,0.38,0.7,0.7362637362637363,0.7362637362637363,0.7365630668822011
5,12,0.4,0.5,0.7362637362637363,0.7362637362637363,0.7371450661943239
6,13,0.38,0.55,0.7349450549450549,0.7349450549450549,0.738803735626313
6,14,0.28,0.5,0.7349450549450549,0.7349450549450549,0.7387531362087142
6,14,0.25,0.5,0.7349450549450549,0.7349450549450549,0.7387531362087142
6,12,0.25,0.55,0.7345054945054945,0.7345054945054945,0.7382864534549929
6,14,0.32,0.5,0.7345054945054945,0.7345054945054945,0.7383230867361149
6,12,0.28,0.55,0.7345054945054945,0.7345054945054945,0.7382864534549929
6,14,0.3,0.5,0.7345054945054945,0.7345054945054945,0.7383230867361149
6,12,0.32,0.55,0.734065934065934,0.734065934065934,0.7378572911484279
6,12,0.3,0.55,0.734065934065934,0.734065934065934,0.7378572911484279
6,14,0.35,0.5,0.734065934065934,0.734065934065934,0.7379042939032956
6,16,0.38,0.7,0.7336263736263736,0.7336263736263736,0.7335982726669531
6,16,0.4,0.65,0.7336263736263736,0.7336263736263736,0.7343462917732236
6,12,0.35,0.55,0.7336263736263736,0.7336263736263736,0.7374431565948476
6,16,0.4,0.6,0.7331868131868132,0.7331868131868132,0.7351069173706029
6,15,0.4,0.55,0.7327472527472527,0.7327472527472527,0.7358071564343743
5,10,0.38,0.5,0.7327472527472527,0.7327472527472527,0.7293799819551061
6,16,0.4,0.55,0.7318681318681318,0.7318681318681318,0.7341959379677871
6,11,0.25,0.55,0.7305494505494505,0.7305494505494505,0.7343336370443294
6,11,0.28,0.55,0.7305494505494505,0.7305494505494505,0.7343336370443294
6,11,0.32,0.55,0.7301098901098901,0.7301098901098901,0.7339056171319143
6,14,0.38,0.5,0.7301098901098901,0.7301098901098901,0.7340335654713726
6,11,0.3,0.55,0.7301098901098901,0.7301098901098901,0.7339056171319143
6,11,0.35,0.55,0.7296703296703296,0.7296703296703296,0.7334975217271167
6,10,0.25,0.55,0.7296703296703296,0.7296703296703296,0.7334557907146709
6,10,0.28,0.55,0.7296703296703296,0.7296703296703296,0.7334557907146709
6,10,0.32,0.55,0.7292307692307692,0.7292307692307692,0.7330279838518409
6,10,0.3,0.55,0.7292307692307692,0.7292307692307692,0.7330279838518409
6,10,0.35,0.55,0.7287912087912088,0.7287912087912088,0.7326210211654659
6,12,0.38,0.55,0.7287912087912088,0.7287912087912088,0.7327155840121404
5,11,0.4,0.5,0.727032967032967,0.727032967032967,0.7272433550325426
6,15,0.4,0.5,0.7265934065934065,0.7265934065934065,0.7300342378709725
6,14,0.4,0.55,0.7265934065934065,0.7265934065934065,0.7301724402155849
6,16,0.4,0.5,0.7257142857142858,0.7257142857142858,0.7284731434453475
6,12,0.4,0.7,0.7252747252747253,0.7252747252747253,0.7249199246801016
6,11,0.4,0.7,0.7252747252747253,0.7252747252747253,0.7249199246801016
6,10,0.4,0.7,0.7248351648351649,0.7248351648351649,0.7245099968646892
6,11,0.38,0.55,0.7248351648351649,0.7248351648351649,0.7287850765777376
6,13,0.4,0.7,0.7243956043956044,0.7243956043956044,0.7239788505380981
6,13,0.28,0.5,0.7243956043956044,0.7243956043956044,0.7281180533751963
6,13,0.25,0.5,0.7243956043956044,0.7243956043956044,0.7281180533751963
5,10,0.4,0.5,0.723956043956044,0.723956043956044,0.723956043956044
6,10,0.38,0.55,0.723956043956044,0.723956043956044,0.7279113900025813
6,13,0.3,0.5,0.723956043956044,0.723956043956044,0.7276923257832763
6,13,0.32,0.5,0.723956043956044,0.723956043956044,0.7276923257832763
6,14,0.4,0.7,0.7235164835164836,0.7235164835164836,0.7229127873030312
6,13,0.35,0.5,0.7235164835164836,0.7235164835164836,0.7272966068718497
6,15,0.4,0.7,0.7208791208791209,0.7208791208791209,0.7200137386606884
6,13,0.4,0.55,0.7208791208791209,0.7208791208791209,0.7247332938645455
6,13,0.38,0.5,0.7191208791208791,0.7191208791208791,0.7230655694475145
6,16,0.4,0.7,0.7186813186813187,0.7186813186813187,0.7174429759101424
6,14,0.4,0.5,0.7178021978021978,0.7178021978021978,0.7217553594318163
6,12,0.4,0.55,0.7151648351648352,0.7151648351648352,0.7192261705278713
6,11,0.4,0.55,0.7112087912087912,0.7112087912087912,0.7153680993821264
6,10,0.4,0.55,0.7103296703296703,0.7103296703296703,0.7145077780061279
6,13,0.4,0.5,0.7068131868131868,0.7068131868131868,0.7110663263058759
6,12,0.28,0.5,0.7046153846153846,0.7046153846153846,0.707926891957474
6,12,0.25,0.5,0.7046153846153846,0.7046153846153846,0.707926891957474
6,12,0.3,0.5,0.7041758241758241,0.7041758241758241,0.7075075432999903
6,12,0.32,0.5,0.7041758241758241,0.7041758241758241,0.7075075432999903
6,12,0.35,0.5,0.7037362637362637,0.7037362637362637,0.7071476403243181
6,12,0.38,0.5,0.7002197802197803,0.7002197802197803,0.7039184082230961
6,11,0.28,0.5,0.6958241758241758,0.6958241758241758,0.6988193225746795
6,11,0.25,0.5,0.6958241758241758,0.6958241758241758,0.6988193225746795
6,11,0.32,0.5,0.6953846153846154,0.6953846153846154,0.6984028603829334
6,11,0.3,0.5,0.6953846153846154,0.6953846153846154,0.6984028603829334
6,11,0.35,0.5,0.694945054945055,0.694945054945055,0.6980597300597301
6,11,0.38,0.5,0.6914285714285714,0.6914285714285714,0.6948879139198615
6,10,0.28,0.5,0.690989010989011,0.690989010989011,0.6938137694275174
6,10,0.25,0.5,0.690989010989011,0.690989010989011,0.6938137694275174
6,12,0.4,0.5,0.6905494505494505,0.6905494505494505,0.6949915238190532
6,10,0.3,0.5,0.6905494505494505,0.6905494505494505,0.6933987237284632
6,10,0.32,0.5,0.6905494505494505,0.6905494505494505,0.6933987237284632
6,10,0.35,0.5,0.6901098901098901,0.6901098901098901,0.6930638830728068
6,10,0.38,0.5,0.6865934065934066,0.6865934065934066,0.6899203075693673
6,11,0.4,0.5,0.6826373626373626,0.6826373626373626,0.6870747453974196
6,10,0.4,0.5,0.6795604395604395,0.6795604395604395,0.6839900358081266
7,10,0.28,0.6,0.5885714285714285,0.5885714285714285,0.5662223279367137
7,10,0.32,0.6,0.5885714285714285,0.5885714285714285,0.5662223279367137
7,12,0.28,0.6,0.5885714285714285,0.5885714285714285,0.5662223279367137
7,12,0.25,0.6,0.5885714285714285,0.5885714285714285,0.5662223279367137
7,12,0.32,0.6,0.5885714285714285,0.5885714285714285,0.5662223279367137
7,12,0.3,0.6,0.5885714285714285,0.5885714285714285,0.5662223279367137
7,10,0.3,0.6,0.5885714285714285,0.5885714285714285,0.5662223279367137
7,11,0.3,0.6,0.5885714285714285,0.5885714285714285,0.5662223279367137
7,11,0.32,0.6,0.5885714285714285,0.5885714285714285,0.5662223279367137
7,11,0.25,0.6,0.5885714285714285,0.5885714285714285,0.5662223279367137
7,11,0.28,0.6,0.5885714285714285,0.5885714285714285,0.5662223279367137
7,10,0.25,0.6,0.5885714285714285,0.5885714285714285,0.5662223279367137
7,12,0.38,0.6,0.5881318681318681,0.5881318681318681,0.5656599495985685
7,11,0.35,0.6,0.5881318681318681,0.5881318681318681,0.5656599495985685
7,10,0.38,0.6,0.5881318681318681,0.5881318681318681,0.5656599495985685
7,11,0.38,0.6,0.5881318681318681,0.5881318681318681,0.5656599495985685
7,12,0.35,0.6,0.5881318681318681,0.5881318681318681,0.5656599495985685
7,10,0.35,0.6,0.5881318681318681,0.5881318681318681,0.5656599495985685
7,11,0.4,0.6,0.5876923076923077,0.5876923076923077,0.5650971636485923
7,14,0.28,0.55,0.5876923076923077,0.5876923076923077,0.5658856157856484
7,12,0.4,0.6,0.5876923076923077,0.5876923076923077,0.5650971636485923
7,14,0.25,0.55,0.5876923076923077,0.5876923076923077,0.5658856157856484
7,14,0.3,0.55,0.5876923076923077,0.5876923076923077,0.5658856157856484
7,10,0.4,0.6,0.5876923076923077,0.5876923076923077,0.5650971636485923
7,14,0.32,0.55,0.5876923076923077,0.5876923076923077,0.5658856157856484
7,14,0.35,0.55,0.5872527472527472,0.5872527472527472,0.5653248312423197
7,13,0.25,0.6,0.5872527472527472,0.5872527472527472,0.564533969266477
7,13,0.3,0.6,0.5872527472527472,0.5872527472527472,0.564533969266477
7,14,0.25,0.6,0.5872527472527472,0.5872527472527472,0.5639325532486618
7,14,0.38,0.55,0.5872527472527472,0.5872527472527472,0.5653248312423197
7,13,0.28,0.6,0.5872527472527472,0.5872527472527472,0.564533969266477
7,13,0.32,0.6,0.5872527472527472,0.5872527472527472,0.564533969266477
7,14,0.3,0.6,0.5872527472527472,0.5872527472527472,0.5639325532486618
7,14,0.32,0.6,0.5872527472527472,0.5872527472527472,0.5639325532486618
7,14,0.28,0.6,0.5872527472527472,0.5872527472527472,0.5639325532486618
7,13,0.35,0.6,0.5868131868131868,0.5868131868131868,0.5639703656305329
7,14,0.3,0.5,0.5868131868131868,0.5868131868131868,0.5657376189308665
7,14,0.28,0.5,0.5868131868131868,0.5868131868131868,0.5657376189308665
7,14,0.35,0.6,0.5868131868131868,0.5868131868131868,0.5633671216670255
7,14,0.25,0.5,0.5868131868131868,0.5868131868131868,0.5657376189308665
7,14,0.38,0.6,0.5868131868131868,0.5868131868131868,0.5633671216670255
7,13,0.38,0.6,0.5868131868131868,0.5868131868131868,0.5639703656305329
7,14,0.4,0.55,0.5868131868131868,0.5868131868131868,0.5647636423146627
7,14,0.32,0.5,0.5868131868131868,0.5868131868131868,0.5657376189308665
7,15,0.25,0.55,0.5863736263736263,0.5863736263736263,0.5634063519176845
7,15,0.28,0.55,0.5863736263736263,0.5863736263736263,0.5634063519176845
7,15,0.32,0.55,0.5863736263736263,0.5863736263736263,0.5634063519176845
7,13,0.4,0.6,0.5863736263736263,0.5863736263736263,0.5634063519176845
7,15,0.3,0.55,0.5863736263736263,0.5863736263736263,0.5634063519176845
7,14,0.4,0.6,0.5863736263736263,0.5863736263736263,0.5628012763083248
7,14,0.35,0.5,0.5863736263736263,0.5863736263736263,0.5651790135063909
7,14,0.38,0.5,0.5863736263736263,0.5863736263736263,0.5651790135063909
7,15,0.35,0.55,0.5859340659340659,0.5859340659340659,0.5628419273034658
7,14,0.4,0.5,0.5859340659340659,0.5859340659340659,0.5646200080926423
7,15,0.38,0.55,0.5859340659340659,0.5859340659340659,0.5628419273034658
7,13,0.3,0.55,0.5854945054945055,0.5854945054945055,0.564640996616791
7,13,0.32,0.55,0.5854945054945055,0.5854945054945055,0.564640996616791
7,13,0.25,0.55,0.5854945054945055,0.5854945054945055,0.564640996616791
7,15,0.4,0.55,0.5854945054945055,0.5854945054945055,0.5622770909620168
7,13,0.28,0.55,0.5854945054945055,0.5854945054945055,0.564640996616791
7,15,0.3,0.6,0.585054945054945,0.585054945054945,0.5606901852692892
7,15,0.3,0.5,0.585054945054945,0.585054945054945,0.5627135937997362
7,15,0.32,0.5,0.585054945054945,0.585054945054945,0.5627135937997362
7,15,0.28,0.6,0.585054945054945,0.585054945054945,0.5606901852692892
7,13,0.35,0.55,0.585054945054945,0.585054945054945,0.5640829739612229
7,13,0.38,0.55,0.585054945054945,0.585054945054945,0.5640829739612229
7,15,0.25,0.5,0.585054945054945,0.585054945054945,0.5627135937997362
7,15,0.32,0.6,0.585054945054945,0.585054945054945,0.5606901852692892
7,15,0.28,0.5,0.585054945054945,0.585054945054945,0.5627135937997362
7,15,0.25,0.6,0.585054945054945,0.585054945054945,0.5606901852692892
7,15,0.35,0.6,0.5846153846153846,0.5846153846153846,0.560121437212492
7,15,0.35,0.5,0.5846153846153846,0.5846153846153846,0.5621509764817648
7,13,0.4,0.55,0.5846153846153846,0.5846153846153846,0.5635245524870366
7,15,0.38,0.5,0.5846153846153846,0.5846153846153846,0.5621509764817648
7,15,0.38,0.6,0.5846153846153846,0.5846153846153846,0.560121437212492
7,15,0.4,0.6,0.5841758241758241,0.5841758241758241,0.5595522686953445
7,13,0.25,0.5,0.5841758241758241,0.5841758241758241,0.564116204030102
7,12,0.28,0.55,0.5841758241758241,0.5841758241758241,0.564116204030102
7,12,0.25,0.55,0.5841758241758241,0.5841758241758241,0.564116204030102
7,12,0.3,0.55,0.5841758241758241,0.5841758241758241,0.564116204030102
7,13,0.28,0.5,0.5841758241758241,0.5841758241758241,0.564116204030102
7,15,0.4,0.5,0.5841758241758241,0.5841758241758241,0.5615879510984306
7,12,0.32,0.55,0.5841758241758241,0.5841758241758241,0.564116204030102
7,13,0.3,0.5,0.5841758241758241,0.5841758241758241,0.564116204030102
7,13,0.32,0.5,0.5841758241758241,0.5841758241758241,0.564116204030102
7,11,0.3,0.55,0.5837362637362637,0.5837362637362637,0.5637501522998053
7,11,0.32,0.55,0.5837362637362637,0.5837362637362637,0.5637501522998053
7,11,0.25,0.55,0.5837362637362637,0.5837362637362637,0.5637501522998053
7,12,0.38,0.55,0.5837362637362637,0.5837362637362637,0.5635605322456017
7,11,0.28,0.55,0.5837362637362637,0.5837362637362637,0.5637501522998053
7,13,0.35,0.5,0.5837362637362637,0.5837362637362637,0.5635605322456017
7,13,0.38,0.5,0.5837362637362637,0.5837362637362637,0.5635605322456017
7,12,0.35,0.55,0.5837362637362637,0.5837362637362637,0.5635605322456017
7,13,0.4,0.5,0.5832967032967032,0.5832967032967032,0.5630044663507698
7,10,0.28,0.55,0.5832967032967032,0.5832967032967032,0.5633841072813491
7,10,0.25,0.55,0.5832967032967032,0.5832967032967032,0.5633841072813491
7,10,0.32,0.55,0.5832967032967032,0.5832967032967032,0.5633841072813491
7,12,0.4,0.55,0.5832967032967032,0.5832967032967032,0.5630044663507698
7,11,0.38,0.55,0.5832967032967032,0.5832967032967032,0.5631946738060641
7,10,0.3,0.55,0.5832967032967032,0.5832967032967032,0.5633841072813491
7,11,0.35,0.55,0.5832967032967032,0.5832967032967032,0.5631946738060641
7,10,0.25,0.65,0.5828571428571429,0.5828571428571429,0.5565708214232888
7,10,0.32,0.65,0.5828571428571429,0.5828571428571429,0.5565708214232888
7,10,0.3,0.65,0.5828571428571429,0.5828571428571429,0.5565708214232888
7,10,0.28,0.65,0.5828571428571429,0.5828571428571429,0.5565708214232888
7,12,0.32,0.65,0.5828571428571429,0.5828571428571429,0.5565708214232888
7,11,0.32,0.65,0.5828571428571429,0.5828571428571429,0.5565708214232888
7,10,0.35,0.55,0.5828571428571429,0.5828571428571429,0.5628288221040287
7,11,0.3,0.65,0.5828571428571429,0.5828571428571429,0.5565708214232888
7,11,0.25,0.65,0.5828571428571429,0.5828571428571429,0.5565708214232888
7,10,0.38,0.55,0.5828571428571429,0.5828571428571429,0.5628288221040287
7,12,0.25,0.65,0.5828571428571429,0.5828571428571429,0.5565708214232888
7,11,0.4,0.55,0.5828571428571429,0.5828571428571429,0.5626388015850855
7,11,0.28,0.65,0.5828571428571429,0.5828571428571429,0.5565708214232888
7,12,0.28,0.65,0.5828571428571429,0.5828571428571429,0.5565708214232888
7,12,0.3,0.65,0.5828571428571429,0.5828571428571429,0.5565708214232888
7,11,0.35,0.65,0.5824175824175825,0.5824175824175825,0.5559961663811473
7,12,0.35,0.65,0.5824175824175825,0.5824175824175825,0.5559961663811473
7,10,0.4,0.55,0.5824175824175825,0.5824175824175825,0.5622731435820264
7,10,0.35,0.65,0.5824175824175825,0.5824175824175825,0.5559961663811473
7,10,0.38,0.65,0.5824175824175825,0.5824175824175825,0.5559961663811473
7,11,0.38,0.65,0.5824175824175825,0.5824175824175825,0.5559961663811473
7,12,0.38,0.65,0.5824175824175825,0.5824175824175825,0.5559961663811473
7,10,0.4,0.65,0.581978021978022,0.581978021978022,0.5554210789391836
7,11,0.4,0.65,0.581978021978022,0.581978021978022,0.5554210789391836
7,12,0.4,0.65,0.581978021978022,0.581978021978022,0.5554210789391836
7,13,0.32,0.65,0.5815384615384616,0.5815384615384616,0.5548455582311772
7,13,0.3,0.65,0.5815384615384616,0.5815384615384616,0.5548455582311772
7,13,0.28,0.65,0.5815384615384616,0.5815384615384616,0.5548455582311772
7,13,0.25,0.65,0.5815384615384616,0.5815384615384616,0.5548455582311772
7,13,0.38,0.65,0.581098901098901,0.581098901098901,0.5542696033893886
7,14,0.3,0.65,0.581098901098901,0.581098901098901,0.5538341047943925
7,14,0.32,0.65,0.581098901098901,0.581098901098901,0.5538341047943925
7,14,0.25,0.65,0.581098901098901,0.581098901098901,0.5538341047943925
7,14,0.28,0.65,0.581098901098901,0.581098901098901,0.5538341047943925
7,13,0.35,0.65,0.581098901098901,0.581098901098901,0.5542696033893886
7,14,0.38,0.65,0.5806593406593407,0.5806593406593407,0.553256425373631
7,13,0.4,0.65,0.5806593406593407,0.5806593406593407,0.5536932135445554
7,14,0.35,0.65,0.5806593406593407,0.5806593406593407,0.553256425373631
7,16,0.3,0.55,0.5806593406593407,0.5806593406593407,0.5554072525939533
7,16,0.28,0.55,0.5806593406593407,0.5806593406593407,0.5554072525939533
7,16,0.25,0.55,0.5806593406593407,0.5806593406593407,0.5554072525939533
7,16,0.32,0.55,0.5806593406593407,0.5806593406593407,0.5554072525939533
7,12,0.32,0.5,0.5802197802197803,0.5802197802197803,0.5613816531497401
7,11,0.28,0.5,0.5802197802197803,0.5802197802197803,0.561566682859395
7,11,0.25,0.5,0.5802197802197803,0.5802197802197803,0.561566682859395
7,12,0.3,0.5,0.5802197802197803,0.5802197802197803,0.5613816531497401
7,11,0.32,0.5,0.5802197802197803,0.5802197802197803,0.561566682859395
7,16,0.38,0.55,0.5802197802197803,0.5802197802197803,0.5548355263849079
7,16,0.35,0.55,0.5802197802197803,0.5802197802197803,0.5548355263849079
7,14,0.4,0.65,0.5802197802197803,0.5802197802197803,0.5526783074555499
7,11,0.3,0.5,0.5802197802197803,0.5802197802197803,0.561566682859395
7,12,0.25,0.5,0.5802197802197803,0.5802197802197803,0.5613816531497401
7,12,0.28,0.5,0.5802197802197803,0.5802197802197803,0.5613816531497401
7,16,0.32,0.6,0.5797802197802198,0.5797802197802198,0.553191931642502
7,12,0.38,0.5,0.5797802197802198,0.5797802197802198,0.5608294665522668
7,12,0.35,0.5,0.5797802197802198,0.5797802197802198,0.5608294665522668
7,16,0.3,0.6,0.5797802197802198,0.5797802197802198,0.553191931642502
7,11,0.38,0.5,0.5797802197802198,0.5797802197802198,0.5610150748081782
7,11,0.35,0.5,0.5797802197802198,0.5797802197802198,0.5610150748081782
7,16,0.4,0.55,0.5797802197802198,0.5797802197802198,0.5542633737737167
7,16,0.25,0.6,0.5797802197802198,0.5797802197802198,0.553191931642502
7,16,0.28,0.6,0.5797802197802198,0.5797802197802198,0.553191931642502
7,15,0.32,0.65,0.5793406593406594,0.5793406593406594,0.5512991570449994
7,16,0.38,0.6,0.5793406593406594,0.5793406593406594,0.5526161646107243
7,12,0.4,0.5,0.5793406593406594,0.5793406593406594,0.5602768927436761
7,15,0.3,0.65,0.5793406593406594,0.5793406593406594,0.5512991570449994
7,16,0.35,0.6,0.5793406593406594,0.5793406593406594,0.5526161646107243
7,15,0.28,0.65,0.5793406593406594,0.5793406593406594,0.5512991570449994
7,11,0.4,0.5,0.5793406593406594,0.5793406593406594,0.5604630806956034
7,15,0.25,0.65,0.5793406593406594,0.5793406593406594,0.5512991570449994
7,15,0.35,0.65,0.5789010989010989,0.5789010989010989,0.5507190656574797
7,10,0.28,0.5,0.5789010989010989,0.5789010989010989,0.5604663782057817
7,16,0.32,0.5,0.5789010989010989,0.5789010989010989,0.5541749973389608
7,10,0.3,0.5,0.5789010989010989,0.5789010989010989,0.5604663782057817
7,10,0.32,0.5,0.5789010989010989,0.5789010989010989,0.5604663782057817
7,10,0.25,0.5,0.5789010989010989,0.5789010989010989,0.5604663782057817
7,15,0.38,0.65,0.5789010989010989,0.5789010989010989,0.5507190656574797
7,16,0.25,0.5,0.5789010989010989,0.5789010989010989,0.5541749973389608
7,16,0.28,0.5,0.5789010989010989,0.5789010989010989,0.5541749973389608
7,16,0.3,0.5,0.5789010989010989,0.5789010989010989,0.5541749973389608
7,16,0.4,0.6,0.5789010989010989,0.5789010989010989,0.5520399630099451
7,10,0.38,0.5,0.5784615384615385,0.5784615384615385,0.5599153466692431
7,10,0.35,0.5,0.5784615384615385,0.5784615384615385,0.5599153466692431
7,16,0.35,0.5,0.5784615384615385,0.5784615384615385,0.5536047177637882
7,15,0.4,0.65,0.5784615384615385,0.5784615384615385,0.5501385309241463
7,16,0.38,0.5,0.5784615384615385,0.5784615384615385,0.5536047177637882
7,16,0.4,0.5,0.578021978021978,0.578021978021978,0.55303401474369
7,10,0.4,0.5,0.578021978021978,0.578021978021978,0.5593639301874596
7,16,0.3,0.65,0.5767032967032967,0.5767032967032967,0.547358317496141
7,16,0.32,0.65,0.5767032967032967,0.5767032967032967,0.547358317496141
7,16,0.25,0.65,0.5767032967032967,0.5767032967032967,0.547358317496141
7,16,0.28,0.65,0.5767032967032967,0.5767032967032967,0.547358317496141
7,16,0.35,0.65,0.5762637362637363,0.5762637362637363,0.5467742258409319
7,16,0.38,0.65,0.5762637362637363,0.5762637362637363,0.5467742258409319
7,16,0.4,0.65,0.5758241758241758,0.5758241758241758,0.5461896827935913
7,12,0.25,0.7,0.5683516483516483,0.5683516483516483,0.5354568632761314
7,12,0.32,0.7,0.5683516483516483,0.5683516483516483,0.5354568632761314
7,10,0.3,0.7,0.5683516483516483,0.5683516483516483,0.5354568632761314
7,10,0.32,0.7,0.5683516483516483,0.5683516483516483,0.5354568632761314
7,11,0.28,0.7,0.5683516483516483,0.5683516483516483,0.5354568632761314
7,12,0.3,0.7,0.5683516483516483,0.5683516483516483,0.5354568632761314
7,12,0.28,0.7,0.5683516483516483,0.5683516483516483,0.5354568632761314
7,11,0.32,0.7,0.5683516483516483,0.5683516483516483,0.5354568632761314
7,10,0.25,0.7,0.5683516483516483,0.5683516483516483,0.5354568632761314
7,11,0.3,0.7,0.5683516483516483,0.5683516483516483,0.5354568632761314
7,10,0.28,0.7,0.5683516483516483,0.5683516483516483,0.5354568632761314
7,11,0.25,0.7,0.5683516483516483,0.5683516483516483,0.5354568632761314
7,10,0.38,0.7,0.5679120879120879,0.5679120879120879,0.5348619563001509
7,14,0.3,0.7,0.5679120879120879,0.5679120879120879,0.5343723094282918
7,12,0.38,0.7,0.5679120879120879,0.5679120879120879,0.5348619563001509
7,12,0.35,0.7,0.5679120879120879,0.5679120879120879,0.5348619563001509
7,11,0.38,0.7,0.5679120879120879,0.5679120879120879,0.5348619563001509
7,10,0.35,0.7,0.5679120879120879,0.5679120879120879,0.5348619563001509
7,14,0.28,0.7,0.5679120879120879,0.5679120879120879,0.5343723094282918
7,14,0.25,0.7,0.5679120879120879,0.5679120879120879,0.5343723094282918
7,11,0.35,0.7,0.5679120879120879,0.5679120879120879,0.5348619563001509
7,14,0.32,0.7,0.5679120879120879,0.5679120879120879,0.5343723094282918
7,13,0.32,0.7,0.5674725274725275,0.5674725274725275,0.5342665762683322
7,13,0.28,0.7,0.5674725274725275,0.5674725274725275,0.5342665762683322
7,13,0.25,0.7,0.5674725274725275,0.5674725274725275,0.5342665762683322
7,12,0.4,0.7,0.5674725274725275,0.5674725274725275,0.5342665762683322
7,10,0.4,0.7,0.5674725274725275,0.5674725274725275,0.5342665762683322
7,11,0.4,0.7,0.5674725274725275,0.5674725274725275,0.5342665762683322
7,14,0.35,0.7,0.5674725274725275,0.5674725274725275,0.5337755281458829
7,13,0.3,0.7,0.5674725274725275,0.5674725274725275,0.5342665762683322
7,14,0.38,0.7,0.5674725274725275,0.5674725274725275,0.5337755281458829
7,13,0.38,0.7,0.567032967032967,0.567032967032967,0.5336707222386304
7,14,0.4,0.7,0.567032967032967,0.567032967032967,0.5331782700003528
7,13,0.35,0.7,0.567032967032967,0.567032967032967,0.5336707222386304
7,13,0.4,0.7,0.5665934065934066,0.5665934065934066,0.5330743932672565
7,15,0.28,0.7,0.5661538461538461,0.5661538461538461,0.5319823193190938
7,15,0.3,0.7,0.5661538461538461,0.5661538461538461,0.5319823193190938
7,15,0.32,0.7,0.5661538461538461,0.5661538461538461,0.5319823193190938
7,15,0.25,0.7,0.5661538461538461,0.5661538461538461,0.5319823193190938
7,15,0.35,0.7,0.5657142857142857,0.5657142857142857,0.5313836248785229
7,15,0.38,0.7,0.5657142857142857,0.5657142857142857,0.5313836248785229
7,15,0.4,0.7,0.5652747252747252,0.5652747252747252,0.530784449765136
7,16,0.25,0.7,0.5648351648351648,0.5648351648351648,0.5299336597805769
7,16,0.3,0.7,0.5648351648351648,0.5648351648351648,0.5299336597805769
7,16,0.28,0.7,0.5648351648351648,0.5648351648351648,0.5299336597805769
7,16,0.32,0.7,0.5648351648351648,0.5648351648351648,0.5299336597805769
7,16,0.35,0.7,0.5643956043956044,0.5643956043956044,0.5293328067556952
7,16,0.38,0.7,0.5643956043956044,0.5643956043956044,0.5293328067556952
7,16,0.4,0.7,0.5639560439560439,0.5639560439560439,0.5287314687207167
8,14,0.4,0.6,0.4685714285714286,0.4685714285714286,0.38264306560526923
8,14,0.38,0.6,0.4685714285714286,0.4685714285714286,0.38264306560526923
8,14,0.4,0.5,0.4685714285714286,0.4685714285714286,0.38355398672159957
8,12,0.4,0.6,0.4685714285714286,0.4685714285714286,0.3840071578067078
8,12,0.38,0.6,0.4685714285714286,0.4685714285714286,0.3840071578067078
8,14,0.25,0.6,0.4685714285714286,0.4685714285714286,0.38264306560526923
8,14,0.25,0.5,0.4685714285714286,0.4685714285714286,0.38355398672159957
8,14,0.28,0.5,0.4685714285714286,0.4685714285714286,0.38355398672159957
8,14,0.28,0.6,0.4685714285714286,0.4685714285714286,0.38264306560526923
8,14,0.3,0.6,0.4685714285714286,0.4685714285714286,0.38264306560526923
8,14,0.3,0.5,0.4685714285714286,0.4685714285714286,0.38355398672159957
8,14,0.35,0.5,0.4685714285714286,0.4685714285714286,0.38355398672159957
8,14,0.35,0.6,0.4685714285714286,0.4685714285714286,0.38264306560526923
8,14,0.32,0.5,0.4685714285714286,0.4685714285714286,0.38355398672159957
8,14,0.32,0.6,0.4685714285714286,0.4685714285714286,0.38264306560526923
8,10,0.28,0.6,0.4685714285714286,0.4685714285714286,0.3840071578067078
8,10,0.3,0.6,0.4685714285714286,0.4685714285714286,0.3840071578067078
8,14,0.38,0.5,0.4685714285714286,0.4685714285714286,0.38355398672159957
8,10,0.32,0.6,0.4685714285714286,0.4685714285714286,0.3840071578067078
8,10,0.25,0.6,0.4685714285714286,0.4685714285714286,0.3840071578067078
8,12,0.35,0.6,0.4685714285714286,0.4685714285714286,0.3840071578067078
8,12,0.32,0.6,0.4685714285714286,0.4685714285714286,0.3840071578067078
8,10,0.4,0.6,0.4685714285714286,0.4685714285714286,0.3840071578067078
8,10,0.38,0.6,0.4685714285714286,0.4685714285714286,0.3840071578067078
8,10,0.35,0.6,0.4685714285714286,0.4685714285714286,0.3840071578067078
8,12,0.3,0.6,0.4685714285714286,0.4685714285714286,0.3840071578067078
8,12,0.28,0.6,0.4685714285714286,0.4685714285714286,0.3840071578067078
8,12,0.25,0.6,0.4685714285714286,0.4685714285714286,0.3840071578067078
8,11,0.4,0.6,0.4685714285714286,0.4685714285714286,0.3840071578067078
8,11,0.38,0.6,0.4685714285714286,0.4685714285714286,0.3840071578067078
8,11,0.35,0.6,0.4685714285714286,0.4685714285714286,0.3840071578067078
8,11,0.32,0.6,0.4685714285714286,0.4685714285714286,0.3840071578067078
8,11,0.3,0.6,0.4685714285714286,0.4685714285714286,0.3840071578067078
8,11,0.28,0.6,0.4685714285714286,0.4685714285714286,0.3840071578067078
8,11,0.25,0.6,0.4685714285714286,0.4685714285714286,0.3840071578067078
8,15,0.32,0.6,0.46813186813186813,0.46813186813186813,0.381903554388154
8,15,0.38,0.6,0.46813186813186813,0.46813186813186813,0.381903554388154
8,15,0.35,0.6,0.46813186813186813,0.46813186813186813,0.381903554388154
8,15,0.35,0.5,0.46813186813186813,0.46813186813186813,0.38281676091114464
8,15,0.4,0.5,0.46813186813186813,0.46813186813186813,0.38281676091114464
8,15,0.38,0.5,0.46813186813186813,0.46813186813186813,0.38281676091114464
8,15,0.4,0.6,0.46813186813186813,0.46813186813186813,0.381903554388154
8,14,0.38,0.55,0.46813186813186813,0.46813186813186813,0.38281676091114464
8,15,0.25,0.6,0.46813186813186813,0.46813186813186813,0.381903554388154
8,15,0.25,0.5,0.46813186813186813,0.46813186813186813,0.38281676091114464
8,14,0.4,0.55,0.46813186813186813,0.46813186813186813,0.38281676091114464
8,15,0.28,0.5,0.46813186813186813,0.46813186813186813,0.38281676091114464
8,15,0.28,0.6,0.46813186813186813,0.46813186813186813,0.381903554388154
8,15,0.3,0.5,0.46813186813186813,0.46813186813186813,0.38281676091114464
8,15,0.3,0.6,0.46813186813186813,0.46813186813186813,0.381903554388154
8,15,0.32,0.5,0.46813186813186813,0.46813186813186813,0.38281676091114464
8,14,0.32,0.55,0.46813186813186813,0.46813186813186813,0.38281676091114464
8,14,0.35,0.55,0.46813186813186813,0.46813186813186813,0.38281676091114464
8,13,0.25,0.6,0.46813186813186813,0.46813186813186813,0.3832710692269149
8,13,0.28,0.6,0.46813186813186813,0.46813186813186813,0.3832710692269149
8,13,0.4,0.6,0.46813186813186813,0.46813186813186813,0.3832710692269149
8,14,0.25,0.55,0.46813186813186813,0.46813186813186813,0.38281676091114464
8,14,0.28,0.55,0.46813186813186813,0.46813186813186813,0.38281676091114464
8,14,0.3,0.55,0.46813186813186813,0.46813186813186813,0.38281676091114464
8,13,0.35,0.6,0.46813186813186813,0.46813186813186813,0.3832710692269149
8,13,0.32,0.6,0.46813186813186813,0.46813186813186813,0.3832710692269149
8,13,0.3,0.6,0.46813186813186813,0.46813186813186813,0.3832710692269149
8,13,0.38,0.6,0.46813186813186813,0.46813186813186813,0.3832710692269149
8,13,0.25,0.5,0.4676923076923077,0.4676923076923077,0.3838914243761398
8,13,0.28,0.5,0.4676923076923077,0.4676923076923077,0.3838914243761398
8,13,0.3,0.5,0.4676923076923077,0.4676923076923077,0.3838914243761398
8,13,0.32,0.5,0.4676923076923077,0.4676923076923077,0.3838914243761398
8,15,0.32,0.55,0.4676923076923077,0.4676923076923077,0.38207877691621167
8,13,0.35,0.5,0.4676923076923077,0.4676923076923077,0.3838914243761398
8,13,0.38,0.5,0.4676923076923077,0.4676923076923077,0.3838914243761398
8,15,0.28,0.55,0.4676923076923077,0.4676923076923077,0.38207877691621167
8,15,0.25,0.55,0.4676923076923077,0.4676923076923077,0.38207877691621167
8,11,0.25,0.5,0.4676923076923077,0.4676923076923077,0.3847886507417796
8,15,0.3,0.55,0.4676923076923077,0.4676923076923077,0.38207877691621167
8,11,0.38,0.5,0.4676923076923077,0.4676923076923077,0.3847886507417796
8,11,0.32,0.5,0.4676923076923077,0.4676923076923077,0.3847886507417796
8,15,0.4,0.55,0.4676923076923077,0.4676923076923077,0.38207877691621167
8,11,0.3,0.5,0.4676923076923077,0.4676923076923077,0.3847886507417796
8,11,0.28,0.5,0.4676923076923077,0.4676923076923077,0.3847886507417796
8,11,0.35,0.5,0.4676923076923077,0.4676923076923077,0.3847886507417796
8,15,0.38,0.55,0.4676923076923077,0.4676923076923077,0.38207877691621167
8,11,0.4,0.5,0.4676923076923077,0.4676923076923077,0.3847886507417796
8,15,0.35,0.55,0.4676923076923077,0.4676923076923077,0.38207877691621167
8,13,0.4,0.5,0.4676923076923077,0.4676923076923077,0.3838914243761398
8,10,0.4,0.5,0.46725274725274724,0.46725274725274724,0.38450418119665236
8,10,0.38,0.5,0.46725274725274724,0.46725274725274724,0.38450418119665236
8,12,0.3,0.5,0.46725274725274724,0.46725274725274724,0.38405670547437476
8,10,0.28,0.5,0.46725274725274724,0.46725274725274724,0.38450418119665236
8,12,0.35,0.55,0.46725274725274724,0.46725274725274724,0.3836077224259271
8,12,0.32,0.5,0.46725274725274724,0.46725274725274724,0.38405670547437476
8,10,0.3,0.5,0.46725274725274724,0.46725274725274724,0.38450418119665236
8,10,0.25,0.5,0.46725274725274724,0.46725274725274724,0.38450418119665236
8,12,0.38,0.55,0.46725274725274724,0.46725274725274724,0.3836077224259271
8,12,0.3,0.55,0.46725274725274724,0.46725274725274724,0.3836077224259271
8,10,0.35,0.5,0.46725274725274724,0.46725274725274724,0.38450418119665236
8,12,0.28,0.55,0.46725274725274724,0.46725274725274724,0.3836077224259271
8,12,0.35,0.5,0.46725274725274724,0.46725274725274724,0.38405670547437476
8,12,0.38,0.5,0.46725274725274724,0.46725274725274724,0.38405670547437476
8,10,0.32,0.5,0.46725274725274724,0.46725274725274724,0.38450418119665236
8,13,0.38,0.55,0.46725274725274724,0.46725274725274724,0.3831572273879966
8,13,0.4,0.55,0.46725274725274724,0.46725274725274724,0.3831572273879966
8,12,0.4,0.5,0.46725274725274724,0.46725274725274724,0.38405670547437476
8,12,0.4,0.55,0.46725274725274724,0.46725274725274724,0.3836077224259271
8,13,0.35,0.55,0.46725274725274724,0.46725274725274724,0.3831572273879966
8,11,0.35,0.55,0.46725274725274724,0.46725274725274724,0.3836077224259271
8,11,0.4,0.55,0.46725274725274724,0.46725274725274724,0.3836077224259271
8,12,0.25,0.5,0.46725274725274724,0.46725274725274724,0.38405670547437476
8,11,0.32,0.55,0.46725274725274724,0.46725274725274724,0.3836077224259271
8,11,0.28,0.55,0.46725274725274724,0.46725274725274724,0.3836077224259271
8,11,0.25,0.55,0.46725274725274724,0.46725274725274724,0.3836077224259271
8,11,0.38,0.55,0.46725274725274724,0.46725274725274724,0.3836077224259271
8,12,0.28,0.5,0.46725274725274724,0.46725274725274724,0.38405670547437476
8,12,0.25,0.55,0.46725274725274724,0.46725274725274724,0.3836077224259271
8,11,0.3,0.55,0.46725274725274724,0.46725274725274724,0.3836077224259271
8,12,0.32,0.55,0.46725274725274724,0.46725274725274724,0.3836077224259271
8,13,0.32,0.55,0.46725274725274724,0.46725274725274724,0.3831572273879966
8,13,0.3,0.55,0.46725274725274724,0.46725274725274724,0.3831572273879966
8,13,0.25,0.55,0.46725274725274724,0.46725274725274724,0.3831572273879966
8,13,0.28,0.55,0.46725274725274724,0.46725274725274724,0.3831572273879966
8,16,0.35,0.6,0.4668131868131868,0.4668131868131868,0.3787541471784367
8,16,0.4,0.5,0.4668131868131868,0.4668131868131868,0.3796804358035127
8,16,0.38,0.6,0.4668131868131868,0.4668131868131868,0.3787541471784367
8,16,0.38,0.5,0.4668131868131868,0.4668131868131868,0.3796804358035127
8,16,0.4,0.6,0.4668131868131868,0.4668131868131868,0.3787541471784367
8,16,0.3,0.5,0.4668131868131868,0.4668131868131868,0.3796804358035127
8,16,0.3,0.6,0.4668131868131868,0.4668131868131868,0.3787541471784367
8,16,0.25,0.5,0.4668131868131868,0.4668131868131868,0.3796804358035127
8,16,0.25,0.6,0.4668131868131868,0.4668131868131868,0.3787541471784367
8,16,0.32,0.5,0.4668131868131868,0.4668131868131868,0.3796804358035127
8,16,0.32,0.6,0.4668131868131868,0.4668131868131868,0.3787541471784367
8,16,0.35,0.5,0.4668131868131868,0.4668131868131868,0.3796804358035127
8,16,0.28,0.6,0.4668131868131868,0.4668131868131868,0.3787541471784367
8,10,0.32,0.55,0.4668131868131868,0.4668131868131868,0.3833240135500724
8,10,0.35,0.55,0.4668131868131868,0.4668131868131868,0.3833240135500724
8,10,0.38,0.55,0.4668131868131868,0.4668131868131868,0.3833240135500724
8,10,0.4,0.55,0.4668131868131868,0.4668131868131868,0.3833240135500724
8,10,0.25,0.55,0.4668131868131868,0.4668131868131868,0.3833240135500724
8,10,0.28,0.55,0.4668131868131868,0.4668131868131868,0.3833240135500724
8,16,0.28,0.5,0.4668131868131868,0.4668131868131868,0.3796804358035127
8,10,0.3,0.55,0.4668131868131868,0.4668131868131868,0.3833240135500724
8,16,0.28,0.55,0.4663736263736264,0.4663736263736264,0.37893786275948577
8,16,0.32,0.55,0.4663736263736264,0.4663736263736264,0.37893786275948577
8,16,0.25,0.55,0.4663736263736264,0.4663736263736264,0.37893786275948577
8,16,0.35,0.55,0.4663736263736264,0.4663736263736264,0.37893786275948577
8,16,0.38,0.55,0.4663736263736264,0.4663736263736264,0.37893786275948577
8,16,0.3,0.55,0.4663736263736264,0.4663736263736264,0.37893786275948577
8,16,0.4,0.55,0.4663736263736264,0.4663736263736264,0.37893786275948577
8,12,0.4,0.65,0.46593406593406594,0.46593406593406594,0.37819452034608647
8,10,0.32,0.65,0.46593406593406594,0.46593406593406594,0.37819452034608647
8,12,0.38,0.65,0.46593406593406594,0.46593406593406594,0.37819452034608647
8,11,0.4,0.65,0.46593406593406594,0.46593406593406594,0.37819452034608647
8,11,0.38,0.65,0.46593406593406594,0.46593406593406594,0.37819452034608647
8,11,0.35,0.65,0.46593406593406594,0.46593406593406594,0.37819452034608647
8,11,0.28,0.65,0.46593406593406594,0.46593406593406594,0.37819452034608647
8,10,0.38,0.65,0.46593406593406594,0.46593406593406594,0.37819452034608647
8,10,0.3,0.65,0.46593406593406594,0.46593406593406594,0.37819452034608647
8,10,0.28,0.65,0.46593406593406594,0.46593406593406594,0.37819452034608647
8,12,0.3,0.65,0.46593406593406594,0.46593406593406594,0.37819452034608647
8,10,0.35,0.65,0.46593406593406594,0.46593406593406594,0.37819452034608647
8,12,0.28,0.65,0.46593406593406594,0.46593406593406594,0.37819452034608647
8,12,0.35,0.65,0.46593406593406594,0.46593406593406594,0.37819452034608647
8,11,0.32,0.65,0.46593406593406594,0.46593406593406594,0.37819452034608647
8,11,0.3,0.65,0.46593406593406594,0.46593406593406594,0.37819452034608647
8,10,0.25,0.65,0.46593406593406594,0.46593406593406594,0.37819452034608647
8,12,0.32,0.65,0.46593406593406594,0.46593406593406594,0.37819452034608647
8,10,0.4,0.65,0.46593406593406594,0.46593406593406594,0.37819452034608647
8,11,0.25,0.65,0.46593406593406594,0.46593406593406594,0.37819452034608647
8,12,0.25,0.65,0.46593406593406594,0.46593406593406594,0.37819452034608647
8,13,0.38,0.65,0.4654945054945055,0.4654945054945055,0.3774504069909459
8,14,0.3,0.65,0.4654945054945055,0.4654945054945055,0.3765171430272603
8,13,0.32,0.65,0.4654945054945055,0.4654945054945055,0.3774504069909459
8,14,0.28,0.65,0.4654945054945055,0.4654945054945055,0.3765171430272603
8,13,0.28,0.65,0.4654945054945055,0.4654945054945055,0.3774504069909459
8,14,0.38,0.65,0.4654945054945055,0.4654945054945055,0.3765171430272603
8,13,0.35,0.65,0.4654945054945055,0.4654945054945055,0.3774504069909459
8,14,0.32,0.65,0.4654945054945055,0.4654945054945055,0.3765171430272603
8,14,0.4,0.65,0.4654945054945055,0.4654945054945055,0.3765171430272603
8,13,0.25,0.65,0.4654945054945055,0.4654945054945055,0.3774504069909459
8,13,0.3,0.65,0.4654945054945055,0.4654945054945055,0.3774504069909459
8,13,0.4,0.65,0.4654945054945055,0.4654945054945055,0.3774504069909459
8,14,0.35,0.65,0.4654945054945055,0.4654945054945055,0.3765171430272603
8,14,0.25,0.65,0.4654945054945055,0.4654945054945055,0.3765171430272603
8,15,0.28,0.65,0.46505494505494505,0.46505494505494505,0.37576992195861225
8,15,0.32,0.65,0.46505494505494505,0.46505494505494505,0.37576992195861225
8,16,0.38,0.65,0.46505494505494505,0.46505494505494505,0.374828027052579
8,15,0.3,0.65,0.46505494505494505,0.46505494505494505,0.37576992195861225
8,15,0.25,0.65,0.46505494505494505,0.46505494505494505,0.37576992195861225
8,16,0.28,0.65,0.46505494505494505,0.46505494505494505,0.374828027052579
8,16,0.25,0.65,0.46505494505494505,0.46505494505494505,0.374828027052579
8,15,0.38,0.65,0.46505494505494505,0.46505494505494505,0.37576992195861225
8,16,0.3,0.65,0.46505494505494505,0.46505494505494505,0.374828027052579
8,15,0.4,0.65,0.46505494505494505,0.46505494505494505,0.37576992195861225
8,15,0.35,0.65,0.46505494505494505,0.46505494505494505,0.37576992195861225
8,16,0.32,0.65,0.46505494505494505,0.46505494505494505,0.374828027052579
8,16,0.35,0.65,0.46505494505494505,0.46505494505494505,0.374828027052579
8,16,0.4,0.65,0.46505494505494505,0.46505494505494505,0.374828027052579
8,16,0.3,0.7,0.4584615384615385,0.4584615384615385,0.36299808946354223
8,16,0.28,0.7,0.4584615384615385,0.4584615384615385,0.36299808946354223
8,16,0.25,0.7,0.4584615384615385,0.4584615384615385,0.36299808946354223
8,16,0.38,0.7,0.4584615384615385,0.4584615384615385,0.36299808946354223
8,14,0.32,0.7,0.4584615384615385,0.4584615384615385,0.36348943579933535
8,14,0.38,0.7,0.4584615384615385,0.4584615384615385,0.36348943579933535
8,14,0.4,0.7,0.4584615384615385,0.4584615384615385,0.36348943579933535
8,14,0.35,0.7,0.4584615384615385,0.4584615384615385,0.36348943579933535
8,14,0.28,0.7,0.4584615384615385,0.4584615384615385,0.36348943579933535
8,14,0.3,0.7,0.4584615384615385,0.4584615384615385,0.36348943579933535
8,14,0.25,0.7,0.4584615384615385,0.4584615384615385,0.36348943579933535
8,16,0.35,0.7,0.4584615384615385,0.4584615384615385,0.36299808946354223
8,16,0.4,0.7,0.4584615384615385,0.4584615384615385,0.36299808946354223
8,16,0.32,0.7,0.4584615384615385,0.4584615384615385,0.36299808946354223
8,10,0.4,0.7,0.458021978021978,0.458021978021978,0.36370732457753346
8,11,0.3,0.7,0.458021978021978,0.458021978021978,0.36370732457753346
8,11,0.32,0.7,0.458021978021978,0.458021978021978,0.36370732457753346
8,11,0.28,0.7,0.458021978021978,0.458021978021978,0.36370732457753346
8,11,0.25,0.7,0.458021978021978,0.458021978021978,0.36370732457753346
8,12,0.35,0.7,0.458021978021978,0.458021978021978,0.36370732457753346
8,12,0.38,0.7,0.458021978021978,0.458021978021978,0.36370732457753346
8,10,0.32,0.7,0.458021978021978,0.458021978021978,0.36370732457753346
8,15,0.28,0.7,0.458021978021978,0.458021978021978,0.3627271208649347
8,12,0.4,0.7,0.458021978021978,0.458021978021978,0.36370732457753346
8,15,0.4,0.7,0.458021978021978,0.458021978021978,0.3627271208649347
8,15,0.35,0.7,0.458021978021978,0.458021978021978,0.3627271208649347
8,12,0.25,0.7,0.458021978021978,0.458021978021978,0.36370732457753346
8,15,0.38,0.7,0.458021978021978,0.458021978021978,0.3627271208649347
8,15,0.32,0.7,0.458021978021978,0.458021978021978,0.3627271208649347
8,11,0.4,0.7,0.458021978021978,0.458021978021978,0.36370732457753346
8,11,0.35,0.7,0.458021978021978,0.458021978021978,0.36370732457753346
8,10,0.38,0.7,0.458021978021978,0.458021978021978,0.36370732457753346
8,15,0.25,0.7,0.458021978021978,0.458021978021978,0.3627271208649347
8,15,0.3,0.7,0.458021978021978,0.458021978021978,0.3627271208649347
8,10,0.35,0.7,0.458021978021978,0.458021978021978,0.36370732457753346
8,10,0.3,0.7,0.458021978021978,0.458021978021978,0.36370732457753346
8,12,0.28,0.7,0.458021978021978,0.458021978021978,0.36370732457753346
8,10,0.25,0.7,0.458021978021978,0.458021978021978,0.36370732457753346
8,10,0.28,0.7,0.458021978021978,0.458021978021978,0.36370732457753346
8,12,0.3,0.7,0.458021978021978,0.458021978021978,0.36370732457753346
8,12,0.32,0.7,0.458021978021978,0.458021978021978,0.36370732457753346
8,11,0.38,0.7,0.458021978021978,0.458021978021978,0.36370732457753346
8,13,0.4,0.7,0.4575824175824176,0.4575824175824176,0.36294663810765504
8,13,0.28,0.7,0.4575824175824176,0.4575824175824176,0.36294663810765504
8,13,0.32,0.7,0.4575824175824176,0.4575824175824176,0.36294663810765504
8,13,0.25,0.7,0.4575824175824176,0.4575824175824176,0.36294663810765504
8,13,0.3,0.7,0.4575824175824176,0.4575824175824176,0.36294663810765504
8,13,0.35,0.7,0.4575824175824176,0.4575824175824176,0.36294663810765504
8,13,0.38,0.7,0.4575824175824176,0.4575824175824176,0.36294663810765504
9,14,0.35,0.55,0.4105494505494505,0.4105494505494505,0.27331945833568727
9,14,0.35,0.6,0.4105494505494505,0.4105494505494505,0.27331945833568727
9,14,0.4,0.6,0.4105494505494505,0.4105494505494505,0.27331945833568727
9,14,0.38,0.55,0.4105494505494505,0.4105494505494505,0.27331945833568727
9,14,0.38,0.5,0.4105494505494505,0.4105494505494505,0.27331945833568727
9,14,0.35,0.5,0.4105494505494505,0.4105494505494505,0.27331945833568727
9,14,0.28,0.6,0.4105494505494505,0.4105494505494505,0.27331945833568727
9,14,0.3,0.5,0.4105494505494505,0.4105494505494505,0.27331945833568727
9,14,0.3,0.55,0.4105494505494505,0.4105494505494505,0.27331945833568727
9,14,0.38,0.6,0.4105494505494505,0.4105494505494505,0.27331945833568727
9,16,0.4,0.6,0.4105494505494505,0.4105494505494505,0.27267096345966335
9,16,0.3,0.5,0.4105494505494505,0.4105494505494505,0.27267096345966335
9,16,0.3,0.55,0.4105494505494505,0.4105494505494505,0.27267096345966335
9,16,0.3,0.6,0.4105494505494505,0.4105494505494505,0.27267096345966335
9,14,0.32,0.5,0.4105494505494505,0.4105494505494505,0.27331945833568727
9,14,0.32,0.55,0.4105494505494505,0.4105494505494505,0.27331945833568727
9,14,0.32,0.6,0.4105494505494505,0.4105494505494505,0.27331945833568727
9,14,0.3,0.6,0.4105494505494505,0.4105494505494505,0.27331945833568727
9,14,0.28,0.55,0.4105494505494505,0.4105494505494505,0.27331945833568727
9,14,0.4,0.55,0.4105494505494505,0.4105494505494505,0.27331945833568727
9,14,0.4,0.5,0.4105494505494505,0.4105494505494505,0.27331945833568727
9,14,0.25,0.5,0.4105494505494505,0.4105494505494505,0.27331945833568727
9,16,0.25,0.55,0.4105494505494505,0.4105494505494505,0.27267096345966335
9,16,0.25,0.5,0.4105494505494505,0.4105494505494505,0.27267096345966335
9,16,0.28,0.5,0.4105494505494505,0.4105494505494505,0.27267096345966335
9,16,0.25,0.6,0.4105494505494505,0.4105494505494505,0.27267096345966335
9,14,0.28,0.5,0.4105494505494505,0.4105494505494505,0.27331945833568727
9,14,0.25,0.6,0.4105494505494505,0.4105494505494505,0.27331945833568727
9,14,0.25,0.55,0.4105494505494505,0.4105494505494505,0.27331945833568727
9,16,0.28,0.55,0.4105494505494505,0.4105494505494505,0.27267096345966335
9,10,0.25,0.5,0.4105494505494505,0.4105494505494505,0.27331945833568727
9,10,0.25,0.55,0.4105494505494505,0.4105494505494505,0.27331945833568727
9,13,0.38,0.5,0.4105494505494505,0.4105494505494505,0.27331945833568727
9,13,0.38,0.55,0.4105494505494505,0.4105494505494505,0.27331945833568727
9,13,0.38,0.6,0.4105494505494505,0.4105494505494505,0.27331945833568727
9,13,0.4,0.5,0.4105494505494505,0.4105494505494505,0.27331945833568727
9,13,0.4,0.55,0.4105494505494505,0.4105494505494505,0.27331945833568727
9,13,0.4,0.6,0.4105494505494505,0.4105494505494505,0.27331945833568727
9,16,0.38,0.6,0.4105494505494505,0.4105494505494505,0.27267096345966335
9,16,0.38,0.55,0.4105494505494505,0.4105494505494505,0.27267096345966335
9,16,0.28,0.6,0.4105494505494505,0.4105494505494505,0.27267096345966335
9,10,0.32,0.6,0.4105494505494505,0.4105494505494505,0.27331945833568727
9,10,0.32,0.55,0.4105494505494505,0.4105494505494505,0.27331945833568727
9,10,0.32,0.5,0.4105494505494505,0.4105494505494505,0.27331945833568727
9,10,0.3,0.6,0.4105494505494505,0.4105494505494505,0.27331945833568727
9,10,0.3,0.55,0.4105494505494505,0.4105494505494505,0.27331945833568727
9,10,0.3,0.5,0.4105494505494505,0.4105494505494505,0.27331945833568727
9,10,0.28,0.6,0.4105494505494505,0.4105494505494505,0.27331945833568727
9,10,0.28,0.55,0.4105494505494505,0.4105494505494505,0.27331945833568727
9,10,0.28,0.5,0.4105494505494505,0.4105494505494505,0.27331945833568727
9,10,0.25,0.6,0.4105494505494505,0.4105494505494505,0.27331945833568727
9,10,0.4,0.6,0.4105494505494505,0.4105494505494505,0.27331945833568727
9,10,0.4,0.55,0.4105494505494505,0.4105494505494505,0.27331945833568727
9,10,0.4,0.5,0.4105494505494505,0.4105494505494505,0.27331945833568727
9,10,0.38,0.6,0.4105494505494505,0.4105494505494505,0.27331945833568727
9,10,0.38,0.55,0.4105494505494505,0.4105494505494505,0.27331945833568727
9,10,0.38,0.5,0.4105494505494505,0.4105494505494505,0.27331945833568727
9,10,0.35,0.6,0.4105494505494505,0.4105494505494505,0.27331945833568727
9,10,0.35,0.55,0.4105494505494505,0.4105494505494505,0.27331945833568727
9,10,0.35,0.5,0.4105494505494505,0.4105494505494505,0.27331945833568727
9,13,0.35,0.6,0.4105494505494505,0.4105494505494505,0.27331945833568727
9,13,0.35,0.55,0.4105494505494505,0.4105494505494505,0.27331945833568727
9,13,0.35,0.5,0.4105494505494505,0.4105494505494505,0.27331945833568727
9,13,0.32,0.6,0.4105494505494505,0.4105494505494505,0.27331945833568727
9,13,0.32,0.55,0.4105494505494505,0.4105494505494505,0.27331945833568727
9,13,0.32,0.5,0.4105494505494505,0.4105494505494505,0.27331945833568727
9,13,0.3,0.6,0.4105494505494505,0.4105494505494505,0.27331945833568727
9,13,0.3,0.55,0.4105494505494505,0.4105494505494505,0.27331945833568727
9,13,0.3,0.5,0.4105494505494505,0.4105494505494505,0.27331945833568727
9,11,0.3,0.6,0.4105494505494505,0.4105494505494505,0.27331945833568727
9,11,0.3,0.55,0.4105494505494505,0.4105494505494505,0.27331945833568727
9,11,0.3,0.5,0.4105494505494505,0.4105494505494505,0.27331945833568727
9,11,0.28,0.6,0.4105494505494505,0.4105494505494505,0.27331945833568727
9,11,0.28,0.55,0.4105494505494505,0.4105494505494505,0.27331945833568727
9,11,0.28,0.5,0.4105494505494505,0.4105494505494505,0.27331945833568727
9,11,0.25,0.6,0.4105494505494505,0.4105494505494505,0.27331945833568727
9,11,0.25,0.55,0.4105494505494505,0.4105494505494505,0.27331945833568727
9,11,0.25,0.5,0.4105494505494505,0.4105494505494505,0.27331945833568727
9,13,0.28,0.6,0.4105494505494505,0.4105494505494505,0.27331945833568727
9,13,0.28,0.55,0.4105494505494505,0.4105494505494505,0.27331945833568727
9,13,0.28,0.5,0.4105494505494505,0.4105494505494505,0.27331945833568727
9,13,0.25,0.6,0.4105494505494505,0.4105494505494505,0.27331945833568727
9,13,0.25,0.55,0.4105494505494505,0.4105494505494505,0.27331945833568727
9,13,0.25,0.5,0.4105494505494505,0.4105494505494505,0.27331945833568727
9,12,0.4,0.6,0.4105494505494505,0.4105494505494505,0.27331945833568727
9,12,0.4,0.55,0.4105494505494505,0.4105494505494505,0.27331945833568727
9,12,0.4,0.5,0.4105494505494505,0.4105494505494505,0.27331945833568727
9,11,0.4,0.5,0.4105494505494505,0.4105494505494505,0.27331945833568727
9,11,0.38,0.6,0.4105494505494505,0.4105494505494505,0.27331945833568727
9,11,0.38,0.55,0.4105494505494505,0.4105494505494505,0.27331945833568727
9,11,0.38,0.5,0.4105494505494505,0.4105494505494505,0.27331945833568727
9,11,0.35,0.6,0.4105494505494505,0.4105494505494505,0.27331945833568727
9,11,0.35,0.55,0.4105494505494505,0.4105494505494505,0.27331945833568727
9,11,0.35,0.5,0.4105494505494505,0.4105494505494505,0.27331945833568727
9,11,0.32,0.6,0.4105494505494505,0.4105494505494505,0.27331945833568727
9,11,0.32,0.55,0.4105494505494505,0.4105494505494505,0.27331945833568727
9,11,0.32,0.5,0.4105494505494505,0.4105494505494505,0.27331945833568727
9,12,0.38,0.6,0.4105494505494505,0.4105494505494505,0.27331945833568727
9,12,0.38,0.55,0.4105494505494505,0.4105494505494505,0.27331945833568727
9,12,0.38,0.5,0.4105494505494505,0.4105494505494505,0.27331945833568727
9,12,0.35,0.6,0.4105494505494505,0.4105494505494505,0.27331945833568727
9,12,0.35,0.55,0.4105494505494505,0.4105494505494505,0.27331945833568727
9,12,0.35,0.5,0.4105494505494505,0.4105494505494505,0.27331945833568727
9,12,0.32,0.6,0.4105494505494505,0.4105494505494505,0.27331945833568727
9,12,0.32,0.55,0.4105494505494505,0.4105494505494505,0.27331945833568727
9,12,0.32,0.5,0.4105494505494505,0.4105494505494505,0.27331945833568727
9,12,0.3,0.6,0.4105494505494505,0.4105494505494505,0.27331945833568727
9,12,0.3,0.55,0.4105494505494505,0.4105494505494505,0.27331945833568727
9,12,0.3,0.5,0.4105494505494505,0.4105494505494505,0.27331945833568727
9,12,0.28,0.6,0.4105494505494505,0.4105494505494505,0.27331945833568727
9,12,0.28,0.55,0.4105494505494505,0.4105494505494505,0.27331945833568727
9,12,0.28,0.5,0.4105494505494505,0.4105494505494505,0.27331945833568727
9,12,0.25,0.6,0.4105494505494505,0.4105494505494505,0.27331945833568727
9,12,0.25,0.55,0.4105494505494505,0.4105494505494505,0.27331945833568727
9,12,0.25,0.5,0.4105494505494505,0.4105494505494505,0.27331945833568727
9,11,0.4,0.6,0.4105494505494505,0.4105494505494505,0.27331945833568727
9,11,0.4,0.55,0.4105494505494505,0.4105494505494505,0.27331945833568727
9,16,0.4,0.55,0.4105494505494505,0.4105494505494505,0.27267096345966335
9,16,0.4,0.5,0.4105494505494505,0.4105494505494505,0.27267096345966335
9,16,0.38,0.5,0.4105494505494505,0.4105494505494505,0.27267096345966335
9,16,0.35,0.6,0.4105494505494505,0.4105494505494505,0.27267096345966335
9,16,0.35,0.55,0.4105494505494505,0.4105494505494505,0.27267096345966335
9,16,0.35,0.5,0.4105494505494505,0.4105494505494505,0.27267096345966335
9,16,0.32,0.6,0.4105494505494505,0.4105494505494505,0.27267096345966335
9,16,0.32,0.55,0.4105494505494505,0.4105494505494505,0.27267096345966335
9,16,0.32,0.5,0.4105494505494505,0.4105494505494505,0.27267096345966335
9,16,0.32,0.65,0.41010989010989013,0.41010989010989013,0.2718032755166305
9,15,0.32,0.5,0.41010989010989013,0.41010989010989013,0.27245334779130154
9,16,0.35,0.65,0.41010989010989013,0.41010989010989013,0.2718032755166305
9,15,0.32,0.55,0.41010989010989013,0.41010989010989013,0.27245334779130154
9,15,0.28,0.55,0.41010989010989013,0.41010989010989013,0.27245334779130154
9,15,0.28,0.6,0.41010989010989013,0.41010989010989013,0.27245334779130154
9,15,0.32,0.6,0.41010989010989013,0.41010989010989013,0.27245334779130154
9,15,0.4,0.55,0.41010989010989013,0.41010989010989013,0.27245334779130154
9,15,0.3,0.6,0.41010989010989013,0.41010989010989013,0.27245334779130154
9,15,0.3,0.55,0.41010989010989013,0.41010989010989013,0.27245334779130154
9,15,0.28,0.5,0.41010989010989013,0.41010989010989013,0.27245334779130154
9,15,0.3,0.5,0.41010989010989013,0.41010989010989013,0.27245334779130154
9,11,0.3,0.65,0.41010989010989013,0.41010989010989013,0.27245334779130154
9,11,0.25,0.65,0.41010989010989013,0.41010989010989013,0.27245334779130154
9,13,0.28,0.65,0.41010989010989013,0.41010989010989013,0.27245334779130154
9,12,0.32,0.65,0.41010989010989013,0.41010989010989013,0.27245334779130154
9,12,0.35,0.65,0.41010989010989013,0.41010989010989013,0.27245334779130154
9,11,0.35,0.65,0.41010989010989013,0.41010989010989013,0.27245334779130154
9,11,0.32,0.65,0.41010989010989013,0.41010989010989013,0.27245334779130154
9,12,0.28,0.65,0.41010989010989013,0.41010989010989013,0.27245334779130154
9,12,0.3,0.65,0.41010989010989013,0.41010989010989013,0.27245334779130154
9,12,0.25,0.65,0.41010989010989013,0.41010989010989013,0.27245334779130154
9,11,0.4,0.65,0.41010989010989013,0.41010989010989013,0.27245334779130154
9,12,0.4,0.65,0.41010989010989013,0.41010989010989013,0.27245334779130154
9,13,0.25,0.65,0.41010989010989013,0.41010989010989013,0.27245334779130154
9,12,0.38,0.65,0.41010989010989013,0.41010989010989013,0.27245334779130154
9,11,0.28,0.65,0.41010989010989013,0.41010989010989013,0.27245334779130154
9,11,0.38,0.65,0.41010989010989013,0.41010989010989013,0.27245334779130154
9,15,0.35,0.6,0.41010989010989013,0.41010989010989013,0.27245334779130154
9,15,0.35,0.55,0.41010989010989013,0.41010989010989013,0.27245334779130154
9,15,0.35,0.5,0.41010989010989013,0.41010989010989013,0.27245334779130154
9,15,0.38,0.5,0.41010989010989013,0.41010989010989013,0.27245334779130154
9,15,0.25,0.5,0.41010989010989013,0.41010989010989013,0.27245334779130154
9,15,0.25,0.55,0.41010989010989013,0.41010989010989013,0.27245334779130154
9,15,0.25,0.6,0.41010989010989013,0.41010989010989013,0.27245334779130154
9,14,0.35,0.65,0.41010989010989013,0.41010989010989013,0.27245334779130154
9,14,0.38,0.65,0.41010989010989013,0.41010989010989013,0.27245334779130154
9,15,0.4,0.5,0.41010989010989013,0.41010989010989013,0.27245334779130154
9,15,0.38,0.6,0.41010989010989013,0.41010989010989013,0.27245334779130154
9,10,0.28,0.65,0.41010989010989013,0.41010989010989013,0.27245334779130154
9,10,0.3,0.65,0.41010989010989013,0.41010989010989013,0.27245334779130154
9,16,0.38,0.65,0.41010989010989013,0.41010989010989013,0.2718032755166305
9,16,0.28,0.65,0.41010989010989013,0.41010989010989013,0.2718032755166305
9,13,0.38,0.65,0.41010989010989013,0.41010989010989013,0.27245334779130154
9,15,0.4,0.6,0.41010989010989013,0.41010989010989013,0.27245334779130154
9,14,0.25,0.65,0.41010989010989013,0.41010989010989013,0.27245334779130154
9,13,0.4,0.65,0.41010989010989013,0.41010989010989013,0.27245334779130154
9,10,0.35,0.65,0.41010989010989013,0.41010989010989013,0.27245334779130154
9,10,0.38,0.65,0.41010989010989013,0.41010989010989013,0.27245334779130154
9,10,0.25,0.65,0.41010989010989013,0.41010989010989013,0.27245334779130154
9,10,0.4,0.65,0.41010989010989013,0.41010989010989013,0.27245334779130154
9,13,0.35,0.65,0.41010989010989013,0.41010989010989013,0.27245334779130154
9,10,0.32,0.65,0.41010989010989013,0.41010989010989013,0.27245334779130154
9,13,0.32,0.65,0.41010989010989013,0.41010989010989013,0.27245334779130154
9,13,0.3,0.65,0.41010989010989013,0.41010989010989013,0.27245334779130154
9,16,0.4,0.65,0.41010989010989013,0.41010989010989013,0.2718032755166305
9,16,0.3,0.65,0.41010989010989013,0.41010989010989013,0.2718032755166305
9,14,0.4,0.65,0.41010989010989013,0.41010989010989013,0.27245334779130154
9,15,0.38,0.55,0.41010989010989013,0.41010989010989013,0.27245334779130154
9,14,0.3,0.65,0.41010989010989013,0.41010989010989013,0.27245334779130154
9,14,0.32,0.65,0.41010989010989013,0.41010989010989013,0.27245334779130154
9,14,0.28,0.65,0.41010989010989013,0.41010989010989013,0.27245334779130154
9,16,0.25,0.65,0.41010989010989013,0.41010989010989013,0.2718032755166305
9,15,0.25,0.65,0.4096703296703297,0.4096703296703297,0.2715862072530409
9,15,0.3,0.65,0.4096703296703297,0.4096703296703297,0.2715862072530409
9,15,0.28,0.65,0.4096703296703297,0.4096703296703297,0.2715862072530409
9,15,0.38,0.65,0.4096703296703297,0.4096703296703297,0.2715862072530409
9,15,0.35,0.65,0.4096703296703297,0.4096703296703297,0.2715862072530409
9,15,0.4,0.65,0.4096703296703297,0.4096703296703297,0.2715862072530409
9,15,0.32,0.65,0.4096703296703297,0.4096703296703297,0.2715862072530409
9,10,0.4,0.7,0.40923076923076923,0.40923076923076923,0.2700647965025502
9,16,0.38,0.7,0.40923076923076923,0.40923076923076923,0.26940935351999035
9,16,0.35,0.7,0.40923076923076923,0.40923076923076923,0.26940935351999035
9,16,0.3,0.7,0.40923076923076923,0.40923076923076923,0.26940935351999035
9,16,0.32,0.7,0.40923076923076923,0.40923076923076923,0.26940935351999035
9,11,0.32,0.7,0.40923076923076923,0.40923076923076923,0.2700647965025502
9,12,0.32,0.7,0.40923076923076923,0.40923076923076923,0.2700647965025502
9,11,0.35,0.7,0.40923076923076923,0.40923076923076923,0.2700647965025502
9,11,0.25,0.7,0.40923076923076923,0.40923076923076923,0.2700647965025502
9,12,0.3,0.7,0.40923076923076923,0.40923076923076923,0.2700647965025502
9,12,0.28,0.7,0.40923076923076923,0.40923076923076923,0.2700647965025502
9,11,0.4,0.7,0.40923076923076923,0.40923076923076923,0.2700647965025502
9,12,0.25,0.7,0.40923076923076923,0.40923076923076923,0.2700647965025502
9,12,0.35,0.7,0.40923076923076923,0.40923076923076923,0.2700647965025502
9,11,0.38,0.7,0.40923076923076923,0.40923076923076923,0.2700647965025502
9,12,0.4,0.7,0.40923076923076923,0.40923076923076923,0.2700647965025502
9,13,0.25,0.7,0.40923076923076923,0.40923076923076923,0.2700647965025502
9,14,0.4,0.7,0.40923076923076923,0.40923076923076923,0.2700647965025502
9,14,0.25,0.7,0.40923076923076923,0.40923076923076923,0.2700647965025502
9,13,0.38,0.7,0.40923076923076923,0.40923076923076923,0.2700647965025502
9,11,0.3,0.7,0.40923076923076923,0.40923076923076923,0.2700647965025502
9,12,0.38,0.7,0.40923076923076923,0.40923076923076923,0.2700647965025502
9,11,0.28,0.7,0.40923076923076923,0.40923076923076923,0.2700647965025502
9,16,0.28,0.7,0.40923076923076923,0.40923076923076923,0.26940935351999035
9,10,0.28,0.7,0.40923076923076923,0.40923076923076923,0.2700647965025502
9,13,0.35,0.7,0.40923076923076923,0.40923076923076923,0.2700647965025502
9,13,0.32,0.7,0.40923076923076923,0.40923076923076923,0.2700647965025502
9,13,0.28,0.7,0.40923076923076923,0.40923076923076923,0.2700647965025502
9,13,0.3,0.7,0.40923076923076923,0.40923076923076923,0.2700647965025502
9,10,0.35,0.7,0.40923076923076923,0.40923076923076923,0.2700647965025502
9,10,0.32,0.7,0.40923076923076923,0.40923076923076923,0.2700647965025502
9,10,0.38,0.7,0.40923076923076923,0.40923076923076923,0.2700647965025502
9,10,0.25,0.7,0.40923076923076923,0.40923076923076923,0.2700647965025502
9,16,0.4,0.7,0.40923076923076923,0.40923076923076923,0.26940935351999035
9,14,0.38,0.7,0.40923076923076923,0.40923076923076923,0.2700647965025502
9,14,0.3,0.7,0.40923076923076923,0.40923076923076923,0.2700647965025502
9,13,0.4,0.7,0.40923076923076923,0.40923076923076923,0.2700647965025502
9,10,0.3,0.7,0.40923076923076923,0.40923076923076923,0.2700647965025502
9,16,0.25,0.7,0.40923076923076923,0.40923076923076923,0.26940935351999035
9,14,0.28,0.7,0.40923076923076923,0.40923076923076923,0.2700647965025502
9,14,0.32,0.7,0.40923076923076923,0.40923076923076923,0.2700647965025502
9,14,0.35,0.7,0.40923076923076923,0.40923076923076923,0.2700647965025502
9,15,0.28,0.7,0.4087912087912088,0.4087912087912088,0.2691940009565005
9,15,0.3,0.7,0.4087912087912088,0.4087912087912088,0.2691940009565005
9,15,0.25,0.7,0.4087912087912088,0.4087912087912088,0.2691940009565005
9,15,0.4,0.7,0.4087912087912088,0.4087912087912088,0.2691940009565005
9,15,0.32,0.7,0.4087912087912088,0.4087912087912088,0.2691940009565005
9,15,0.35,0.7,0.4087912087912088,0.4087912087912088,0.2691940009565005
9,15,0.38,0.7,0.4087912087912088,0.4087912087912088,0.2691940009565005
